entry_time,exit_time,direction,entry_price,stop_price,take_profit,exit_price,pnl,equity_after,r_multiple,mfe_r,mae_r,mfe_r_prior_bars,exit_reason,bars_held,holding_minutes,atr_pct_entry,trend_state,session,day_sweep,week_sweep,sweep_bucket,time,adx_sig,atr_pct_sig,ema50_slope_sig,regime,year,is_loss
2012-06-20 13:15:00,2012-06-20 13:45:00,long,1614.12,1613.2047683764126,1622.357084612286,1613.1247683764127,-33.96175516546251,10376.637339989547,-1.087409567084632,1.3767006815844436,4.457887921320204,1.3767006815844436,stop_loss,2,30,0.62,up,ny,True,False,prev_day_sweep,2012-06-20 13:15:00,27.98380696857521,0.62,-0.847300828764796,Strong Trend,2012,True
2012-06-20 14:15:00,2012-06-20 14:45:00,long,1611.78,1610.7624332204998,1620.9381010155014,1610.6824332205,-33.57731204497589,10343.060027944572,-1.0786189187890198,1.1989385115336686,1.1498016872905312,1.1989385115336686,stop_loss,2,30,0.72,up,ny,True,False,prev_day_sweep,2012-06-20 14:15:00,36.382552955908935,0.72,-1.0216665580374753,Strong Trend,2012,True
2012-06-28 13:45:00,2012-06-28 14:15:00,short,1570.1,1571.0194677129764,1561.8247905832147,1571.0994677129763,-34.29947309837085,10483.718493398022,-1.087006861547071,4.089322492716296,1.533495934768364,4.089322492716296,stop_loss,2,30,0.59,down,ny,False,False,no_sweep,2012-06-28 13:45:00,36.869991406784486,0.59,-1.2059287325909276,Strong Trend,2012,True
2012-06-29 14:30:00,2012-06-29 15:15:00,short,1583.36,1584.799956573046,1570.400390842586,1584.879956573046,-33.09303688932344,10417.323077158224,-1.0555572310286434,3.250098015178636,4.041788557337435,3.250098015178636,stop_loss,3,45,0.74,down,ny,True,False,prev_day_sweep,2012-06-29 14:30:00,47.43763784363546,0.74,1.4912643009217086,Strong Trend,2012,True
2012-07-06 16:00:00,2012-07-06 16:30:00,long,1588.27,1586.2674762845302,1606.292713439227,1586.1874762845302,-32.517001688057576,10390.10412744187,-1.039949589301697,1.6429268600337683,1.4381852148623435,1.6429268600337683,stop_loss,2,30,0.89,up,ny,True,False,prev_day_sweep,2012-07-06 16:00:00,38.673709245086265,0.89,-1.0618939029683618,Strong Trend,2012,True
2012-07-10 14:00:00,2012-07-10 15:30:00,short,1596.11,1597.0238302899234,1587.8855273906915,1597.1038302899233,-33.78600267218355,10321.66164612633,-1.0875436072562754,5.646562668034994,2.3199055922932907,5.646562668034994,stop_loss,6,90,0.76,down,ny,True,False,prev_day_sweep,2012-07-10 14:00:00,34.239575373205334,0.76,1.066211101534592,Strong Trend,2012,True
2012-07-19 14:45:00,2012-07-19 15:30:00,short,1589.34,1590.3583815910297,1580.1745656807357,1590.4383815910294,-33.408036056967994,10291.518865706812,-1.0785560154510143,4.045634795731042,2.189748930698815,4.045634795731042,stop_loss,3,45,0.66,down,ny,True,False,prev_day_sweep,2012-07-19 14:45:00,39.94711458594679,0.66,1.2718139785439526,Strong Trend,2012,True
2012-07-27 15:45:00,2012-07-27 16:30:00,long,1619.13,1617.7437633261136,1631.6061300649765,1617.6637633261137,-32.338006549928714,10158.861326699727,-1.0577102031038097,6.427473870692708,1.8539402747115263,6.427473870692708,stop_loss,3,45,0.75,up,ny,False,False,no_sweep,2012-07-27 15:45:00,37.92653296685616,0.75,1.3006613626930603,Strong Trend,2012,True
2012-09-06 13:30:00,2012-09-06 14:30:00,long,1707.41,1706.580042900727,1714.8796138934554,1706.500042900727,-38.36439226068448,11625.482083391902,-1.0963905243656769,2.915813362064468,5.614748044305616,2.915813362064468,stop_loss,4,60,0.63,up,ny,False,False,no_sweep,2012-09-06 13:30:00,56.4883675421853,0.63,3.226743804011787,Strong Trend,2012,True
2012-09-12 14:15:00,2012-09-12 14:45:00,long,1742.21,1741.065355247936,1752.5118027685771,1740.985355247936,-38.953327897121575,12097.279724646962,-1.0698906799298789,0.4542894195446097,1.476440613520081,0.4542894195446097,stop_loss,2,30,0.9,up,ny,False,False,no_sweep,2012-09-12 14:15:00,32.89428611144951,0.9,1.49952570829444,Strong Trend,2012,True
2012-09-12 15:00:00,2012-09-12 15:30:00,long,1741.91,1740.8425931048523,1751.5166620563275,1740.7625931048524,-39.01183952911127,12058.26788511785,-1.0749479887787958,2.1172806830031115,3.916032413695489,2.1172806830031115,stop_loss,2,30,0.86,up,ny,False,False,no_sweep,2012-09-12 15:00:00,28.60006700277218,0.86,1.557032690412472,Strong Trend,2012,True
2012-10-03 14:15:00,2012-10-03 15:15:00,long,1776.72,1775.9347539279893,1783.7872146480977,1775.8547539279891,-40.32258308860085,12157.806561094783,-1.1018788923006952,6.48204452263753,2.075782430628694,3.794988738204375,stop_loss,4,60,0.61,up,ny,False,False,no_sweep,2012-10-03 14:15:00,30.08384657101665,0.61,0.8763771377654243,Strong Trend,2012,True
2012-10-11 13:45:00,2012-10-11 14:15:00,short,1770.57,1771.369215314512,1763.3770621693916,1771.449215314512,-41.06581305641827,12402.009338106913,-1.1000981819883684,0.8132977286560626,1.2262027293586517,0.8132977286560626,stop_loss,2,30,0.57,down,ny,True,False,prev_day_sweep,2012-10-11 13:45:00,34.917718254822795,0.57,1.496923806231846,Strong Trend,2012,True
2012-11-06 14:15:00,2012-11-06 15:45:00,short,1692.92,1693.668449686233,1686.1839528239032,1693.748449686233,-42.201518153373954,12666.561828346506,-1.1068876124493698,5.103883494462281,1.5498703805170808,5.103883494462281,stop_loss,6,90,0.53,down,ny,True,False,prev_day_sweep,2012-11-06 14:15:00,40.01143666146135,0.53,1.6270354571887724,Strong Trend,2012,True
2012-11-19 16:00:00,2012-11-19 17:30:00,short,1731.16,1731.9524466992625,1724.027979706638,1732.0324466992624,-43.8322589147519,13227.170973557457,-1.1009531619910682,4.65646459684233,2.13263554706304,4.65646459684233,stop_loss,6,90,0.58,down,ny,True,False,prev_day_sweep,2012-11-19 16:00:00,26.234641233861243,0.58,1.3026331486901,Strong Trend,2012,True
2012-12-10 13:15:00,2012-12-10 14:30:00,short,1712.57,1713.2593294281962,1706.3660351462331,1713.3393294281962,-43.816543912188784,13042.919364675805,-1.116054816068504,2.6112333615436487,1.0590001966260885,2.6112333615436487,stop_loss,5,75,0.51,down,ny,True,False,prev_day_sweep,2012-12-10 13:15:00,30.13637857933364,0.51,1.5016921393722331,Strong Trend,2012,True
2012-12-12 14:30:00,2012-12-12 15:30:00,short,1715.31,1715.851538360867,1710.4361547521976,1715.9315383608669,-44.4495217330411,12864.982223857283,-1.147727300189502,2.769886878555683,4.394887180641885,2.769886878555683,stop_loss,4,60,0.68,down,ny,True,False,prev_day_sweep,2012-12-12 14:30:00,29.731545782757824,0.68,1.1746328171469913,Strong Trend,2012,True
2013-01-24 14:45:00,2013-01-24 15:15:00,long,1676.31,1675.6013149355308,1682.688165580222,1675.5213149355309,-45.68125640528919,13636.850001031067,-1.112885122053269,3.372443021344617,6.589668999865348,3.372443021344617,stop_loss,2,30,0.71,up,ny,True,False,prev_day_sweep,2013-01-24 14:45:00,29.54698046427329,0.71,-1.4640105680658884,Strong Trend,2013,True
2013-02-12 13:15:00,2013-02-12 14:00:00,short,1646.74,1647.6907079317557,1638.1836286141984,1647.7707079317556,-45.81828495735128,14041.524206010748,-1.0841478200904353,1.6829564018101373,3.8076888590955376,1.6829564018101373,stop_loss,3,45,0.73,down,ny,False,False,no_sweep,2013-02-12 13:15:00,28.779156109723324,0.73,-0.9410665288337698,Strong Trend,2013,True
2013-02-12 14:45:00,2013-02-12 17:30:00,short,1650.17,1651.174546108335,1641.1290850249832,1651.2545461083353,-45.33213255854486,13950.758641958178,-1.0796379572188115,8.750220549424842,1.1746598689783758,8.750220549424842,stop_loss,11,165,0.72,down,ny,False,False,no_sweep,2013-02-12 14:45:00,26.52969839438284,0.72,-0.2476942483874824,Strong Trend,2013,True
2013-02-28 14:15:00,2013-02-28 15:15:00,short,1591.94,1593.096626090604,1581.530365184563,1593.176626090604,-45.19288421060445,14044.56024456342,-1.0691666915088756,2.2133341282859886,2.645625950216855,2.109584091022675,stop_loss,4,60,0.75,down,ny,False,False,no_sweep,2013-02-28 14:15:00,40.67644270594258,0.75,-1.65460321495789,Strong Trend,2013,True
2013-03-22 13:45:00,2013-03-22 14:15:00,long,1608.57,1608.0248702713702,1613.4761675576672,1607.9448702713703,-51.96035125305428,15051.641819011233,-1.1467540583431797,1.871114243877208,6.824063712964107,1.871114243877208,stop_loss,2,30,0.65,up,ny,False,False,no_sweep,2013-03-22 13:45:00,26.348527834116847,0.65,-0.6013409519401776,Strong Trend,2013,True
2013-04-03 14:00:00,2013-04-03 14:30:00,short,1571.21,1572.0662213763765,1563.5040076126122,1572.1462213763764,-48.441023830513984,14718.807102098775,-1.0934337803366831,0.0116792225420853,1.541657375556597,0.0,stop_loss,2,30,0.56,down,ny,False,False,no_sweep,2013-04-03 14:00:00,26.79453510562573,0.56,-0.653277756293996,Strong Trend,2013,True
2013-04-10 14:15:00,2013-04-10 14:45:00,long,1579.93,1579.095814890702,1587.4376659836828,1579.015814890702,-49.1924095196127,14913.340923678255,-1.0959019756025734,1.8940640181524584,2.013941487655948,1.642321332195431,stop_loss,2,30,0.74,up,ny,False,False,no_sweep,2013-04-10 14:15:00,33.70777451679253,0.74,-1.0165639516702745,Strong Trend,2013,True
2013-04-24 16:00:00,2013-04-24 16:45:00,short,1429.92,1431.469631327027,1415.9733180567584,1431.5496313270269,-47.54922930241207,15024.116384260034,-1.051625182457698,1.9682100812016496,1.5100365868889918,1.9682100812016496,stop_loss,3,45,0.65,down,ny,True,False,prev_day_sweep,2013-04-24 16:00:00,31.07631134951473,0.65,0.1174693734006933,Strong Trend,2013,True
2013-04-30 15:15:00,2013-04-30 16:45:00,long,1467.6699999999998,1466.1769646593182,1481.107318066135,1466.0969646593182,-47.18501135333907,14881.2546490202,-1.0535821208112874,3.355580315810082,1.1118290068351306,3.355580315810082,stop_loss,6,90,0.64,up,ny,False,False,no_sweep,2013-04-30 15:15:00,27.939422913526524,0.64,0.3727475800337988,Strong Trend,2013,True
2013-05-09 15:45:00,2013-05-09 16:15:00,long,1464.02,1462.9533310680397,1473.6200203876424,1462.8733310680398,-46.617255859438615,14408.34794306168,-1.074999840721812,1.4906218343472903,3.9937415184401073,1.4906218343472903,stop_loss,2,30,0.66,up,ny,False,False,no_sweep,2013-05-09 15:45:00,32.061994146169575,0.66,-0.4247098270499778,Strong Trend,2013,True
2013-05-22 14:45:00,2013-05-22 15:45:00,short,1395.3,1396.9889175955766,1380.0997416398093,1397.0689175955763,-46.05303331522735,14610.702504697434,-1.047367615927178,4.055852113768251,1.3262932459621954,4.055852113768251,stop_loss,4,60,0.63,down,ny,False,False,no_sweep,2013-05-22 14:45:00,29.77562195594124,0.63,0.9073264993305272,Strong Trend,2013,True
2013-06-04 16:00:00,2013-06-04 17:45:00,long,1395.75,1394.6210257373657,1405.910768363709,1394.5410257373658,-47.02495337433856,14590.717608525145,-1.0708607827899097,4.694526859835721,5.916875362962864,4.694526859835721,stop_loss,7,105,0.72,up,ny,False,False,no_sweep,2013-06-04 16:00:00,58.47925954149467,0.72,-1.8465925908359189,Strong Trend,2013,True
2013-06-14 15:45:00,2013-06-14 17:00:00,short,1388.79,1389.926821455737,1378.5586068983705,1390.0068214557366,-47.18174901924176,14646.07894571642,-1.0703716485963788,3.6241399027167,3.1227419064671023,3.6241399027167,stop_loss,5,75,0.65,down,ny,False,False,no_sweep,2013-06-14 15:45:00,29.28159283491721,0.65,-0.5123293127480636,Strong Trend,2013,True
2013-06-27 14:45:00,2013-06-27 15:15:00,short,1235.0,1236.6849449231845,1219.8354956913397,1236.7649449231844,-46.21022824790506,14659.00586900034,-1.0474792967408866,2.172177825897582,1.6973848584881772,2.172177825897582,stop_loss,2,30,0.54,down,ny,False,False,no_sweep,2013-06-27 14:45:00,31.37374921664159,0.54,-0.6570502331043161,Strong Trend,2013,True
2013-07-08 13:15:00,2013-07-08 14:00:00,short,1231.39,1232.7671794493274,1218.9953849560536,1232.847179449327,-46.086405428026815,14472.658575534584,-1.058089742799317,0.3630608924960621,3.187674636115333,0.3630608924960621,stop_loss,3,45,0.67,down,ny,False,False,no_sweep,2013-07-08 13:15:00,28.966917624262905,0.67,0.7701301519420451,Strong Trend,2013,True
2013-07-16 15:45:00,2013-07-16 18:45:00,long,1289.6699999999998,1288.5254191069755,1299.9712280372162,1288.4454191069758,-48.66701770585073,15113.891564282794,-1.0698945793062806,5.198409335909382,2.4637839205485736,5.198409335909382,stop_loss,12,180,0.87,up,ny,False,False,no_sweep,2013-07-16 15:45:00,30.27974732255493,0.87,1.2964353706462783,Strong Trend,2013,True
2013-07-26 15:45:00,2013-07-26 17:45:00,long,1322.05,1320.8975706612605,1332.4218640486567,1320.8175706612603,-50.05154509314643,15550.807452519834,-1.0694185728449226,8.390969992637695,8.373615349426268,8.390969992637695,stop_loss,8,120,0.63,up,ny,False,False,no_sweep,2013-07-26 15:45:00,46.48947985142162,0.63,-1.2726624626852203,Strong Trend,2013,True
2013-09-04 13:30:00,2013-09-04 14:00:00,long,1402.63,1401.6122756764605,1411.7895189118572,1401.5322756764604,-51.29115916115207,15799.76213399164,-1.0786067485561228,1.169275384773444,2.8101912608838484,1.169275384773444,stop_loss,2,30,0.54,up,ny,False,False,no_sweep,2013-09-04 13:30:00,33.39850491778687,0.54,-0.80964551007967,Strong Trend,2013,True
2013-09-04 16:00:00,2013-09-04 16:30:00,long,1393.99,1392.7552349895789,1405.1028850937898,1392.675234989579,-50.30776973688873,15698.58356092498,-1.0647896557844976,1.0123383716336936,1.247200873852681,0.477823711411037,stop_loss,2,30,0.76,up,ny,False,False,no_sweep,2013-09-04 16:00:00,43.49239424534052,0.76,-1.153400766982087,Strong Trend,2013,True
2013-09-20 15:30:00,2013-09-20 16:45:00,long,1350.12,1348.8380364464645,1361.6576719818197,1348.7580364464643,-51.49868357006594,16106.406868921043,-1.06240427021447,5.124950691368128,1.2714870056208882,5.124950691368128,stop_loss,5,75,0.58,up,ny,True,False,prev_day_sweep,2013-09-20 15:30:00,35.09743074420687,0.58,-1.125717451890727,Strong Trend,2013,True
2013-10-02 16:00:00,2013-10-02 16:30:00,short,1301.81,1303.302022114883,1288.3818009660542,1303.3820221148828,-49.94235976523752,15750.324174595098,-1.0536185081989906,2.446344436581083,1.3739742726003554,2.339107420183102,stop_loss,2,30,0.71,down,ny,False,False,no_sweep,2013-10-02 16:00:00,27.10961202991912,0.71,0.5252221988420571,Strong Trend,2013,True
2013-10-07 15:30:00,2013-10-07 16:30:00,short,1320.19,1321.1027975766342,1311.974821810292,1321.182797576634,-52.24289810203759,15958.805713828364,-1.0876426516105788,3.713857362001765,7.559178701419149,3.209912115240438,stop_loss,4,60,0.62,down,ny,False,False,no_sweep,2013-10-07 15:30:00,26.350819708024307,0.62,0.4520203325082044,Strong Trend,2013,True
2013-10-31 14:30:00,2013-10-31 15:00:00,long,1326.22,1325.0430435170754,1336.8126083463217,1324.9630435170754,-58.77276464943095,18285.268924740576,-1.0679719268813856,2.124122715045233,1.2574806473067934,2.124122715045233,stop_loss,2,30,0.75,up,ny,True,False,prev_day_sweep,2013-10-31 14:30:00,38.2750079027677,0.75,-1.130378991854904,Strong Trend,2013,True
2013-11-05 13:30:00,2013-11-05 14:30:00,short,1313.04,1313.801872634,1306.1831462940002,1313.8818726339998,-60.02185581683938,18046.046109782805,-1.105004427813501,2.546357374479783,1.1156720455196405,2.546357374479783,stop_loss,4,60,0.72,down,ny,False,False,no_sweep,2013-11-05 13:30:00,28.205117855609227,0.72,-1.0835432162773568,Strong Trend,2013,True
2013-12-30 13:30:00,2013-12-30 15:45:00,short,1204.98,1205.735092453401,1198.1841679193922,1205.815092453401,-59.05724157815139,17740.83914623421,-1.1059472911424368,4.396812582415047,3.284366025418556,4.396812582415047,stop_loss,9,135,0.79,down,ny,False,False,no_sweep,2013-12-30 13:30:00,33.04439734468093,0.79,-1.7130117247713743,Strong Trend,2013,True
2014-01-08 13:15:00,2014-01-08 15:30:00,long,1225.4199999999998,1224.6416976917008,1232.4247207746923,1224.5616976917008,-61.0914118246534,18404.658313198543,-1.1027878231207615,8.261571283338807,6.359996555602673,8.261571283338807,stop_loss,9,135,0.62,up,ny,False,False,no_sweep,2014-01-08 13:15:00,42.17780873129706,0.62,-0.8370009214825734,Strong Trend,2014,True
2014-01-08 15:45:00,2014-01-08 16:30:00,long,1221.58,1220.4638295427728,1231.6255341150438,1220.383829542773,-59.17136152563471,18345.48695167291,-1.0716736404210796,1.8635146509499056,2.1681276227394948,1.8635146509499056,stop_loss,3,45,0.9,up,ny,True,False,prev_day_sweep,2014-01-08 15:45:00,36.21878820968377,0.9,-0.2457884643219099,Strong Trend,2014,True
2014-01-24 15:30:00,2014-01-24 16:15:00,long,1266.56,1265.560115730548,1275.5589584250677,1265.480115730548,-60.40268103663542,18582.24027301214,-1.0800092595153783,1.4701701435964458,1.9002199134918327,1.4701701435964458,stop_loss,3,45,0.79,up,ny,False,False,no_sweep,2014-01-24 15:30:00,35.661287941634846,0.79,1.6002219550159258,Strong Trend,2014,True
2014-01-27 15:30:00,2014-01-27 16:30:00,long,1260.37,1259.3220377295509,1269.8016604340414,1259.242037729551,-59.61192561950739,18401.717427531235,-1.0763386261660437,2.566886304835608,2.452378365586325,2.566886304835608,stop_loss,4,60,0.8,up,ny,False,False,no_sweep,2014-01-27 15:30:00,28.846387625959373,0.8,-0.8434063933678926,Strong Trend,2014,True
2014-01-31 14:30:00,2014-01-31 15:00:00,short,1248.5800000000002,1249.3604322879182,1241.5561094087382,1249.4404322879182,-60.06902967476974,18101.271078228,-1.1025072914568157,1.0122595031372164,1.473542314692885,1.0122595031372164,stop_loss,2,30,0.62,down,ny,False,False,no_sweep,2014-01-31 14:30:00,30.388369385154263,0.62,0.5189732200603282,Strong Trend,2014,True
2014-02-26 15:15:00,2014-02-26 17:00:00,long,1331.61,1330.8234001686326,1338.6893984823057,1330.743400168633,-63.057643303256974,19015.771974632426,-1.1017035560011077,4.958048355058624,2.9239772350344477,4.958048355058624,stop_loss,7,105,0.8,up,ny,True,False,prev_day_sweep,2014-02-26 15:15:00,32.36786478428327,0.8,-0.9885181011342532,Strong Trend,2014,True
2014-03-04 15:30:00,2014-03-04 16:30:00,long,1332.6,1331.6409541111384,1341.231412999753,1331.5609541111385,-61.94650306127461,18997.057443774986,-1.0834162378766836,2.2209573334688355,1.48063822231232,2.2209573334688355,stop_loss,4,60,0.62,up,ny,False,False,no_sweep,2014-03-04 15:30:00,42.669852941171854,0.62,-2.120514843618714,Strong Trend,2014,True
2014-03-19 15:00:00,2014-03-19 16:00:00,long,1343.53,1342.569955900616,1352.1703968944562,1342.489955900616,-64.85720001887867,19891.27485809156,-1.083329505437567,1.8957462487063068,2.9373650666768416,1.8957462487063068,stop_loss,4,60,0.76,up,ny,True,False,prev_day_sweep,2014-03-19 15:00:00,36.06651787996366,0.76,-1.983449089522748,Strong Trend,2014,True
2014-04-03 16:00:00,2014-04-03 16:30:00,short,1284.88,1285.732921008357,1277.2037109247892,1285.8129210083569,-68.75786942307164,20885.15312463866,-1.0937953212737133,0.820709061145793,1.3952054039475548,0.820709061145793,stop_loss,2,30,0.85,down,ny,False,False,no_sweep,2014-04-03 16:00:00,42.08775166679288,0.85,-1.4550409262779325,Strong Trend,2014,True
2014-04-11 16:00:00,2014-04-11 17:30:00,long,1317.63,1316.7369496679255,1325.6674529886664,1316.6569496679258,-68.40287968855982,20857.960470392147,-1.0895806172694915,4.0983132400830655,1.7804147682326754,4.0983132400830655,stop_loss,6,90,0.81,up,ny,False,False,no_sweep,2014-04-11 16:00:00,26.178163482424868,0.81,0.6667296106892099,Strong Trend,2014,True
2014-04-25 14:45:00,2014-04-25 15:15:00,short,1300.98,1301.7309358912803,1294.2215769784752,1301.8109358912805,-70.03728335049466,21028.064406389934,-1.1065337280170615,2.1040411283387868,2.2904751523689475,2.1040411283387868,stop_loss,2,30,0.57,down,ny,True,False,prev_day_sweep,2014-04-25 14:45:00,36.09663184376098,0.57,1.4384809600828454,Strong Trend,2014,True
2014-04-29 13:15:00,2014-04-29 14:30:00,short,1290.6,1291.2939408297375,1284.3545325323644,1291.3739408297374,-69.86653912225509,20811.679898923037,-1.1152836042666716,2.363313887469061,1.354582350134374,2.363313887469061,stop_loss,5,75,0.65,down,ny,False,False,no_sweep,2014-04-29 13:15:00,48.4327960719086,0.65,-1.725227127417414,Strong Trend,2014,True
2014-05-06 13:15:00,2014-05-06 14:45:00,long,1307.0,1306.3860250881355,1312.5257742067795,1306.3060250881356,-72.30848266361926,21251.99470248488,-1.1302984836253116,8.143655226589386,2.101063048460002,8.143655226589386,stop_loss,6,90,0.6,up,ny,False,False,no_sweep,2014-05-06 13:15:00,31.2981941223724,0.6,0.2262587433003153,Strong Trend,2014,True
2014-05-19 14:15:00,2014-05-19 15:15:00,short,1302.23,1302.8115369714542,1296.9961672569132,1302.891536971454,-73.63042999678554,21501.79120924063,-1.1375664900545912,5.055568509510921,5.124351754538217,3.9894282115866657,stop_loss,4,60,0.78,down,ny,True,False,prev_day_sweep,2014-05-19 14:15:00,54.23321697263265,0.78,2.124151731311001,Strong Trend,2014,True
2014-05-22 14:30:00,2014-05-22 15:15:00,short,1298.22,1298.7336936201443,1293.5967574187018,1298.8136936201442,-74.0360000851001,21279.18930798967,-1.1557348521818422,2.316555926207118,10.278500244010887,2.316555926207118,stop_loss,3,45,0.5,down,ny,True,False,prev_day_sweep,2014-05-22 14:30:00,35.947508923817054,0.5,1.293850076997258,Strong Trend,2014,True
2014-05-30 15:00:00,2014-05-30 15:30:00,short,1254.29,1254.850438938332,1249.2460495550122,1254.930438938332,-74.86268879316039,21762.226072650945,-1.1427452564913183,7.226478609879477,2.051963062064728,7.226478609879477,stop_loss,2,30,0.56,down,ny,False,False,no_sweep,2014-05-30 15:00:00,30.58501735860898,0.56,-1.1720128914555334,Strong Trend,2014,True
2014-09-25 15:45:00,2014-09-25 16:45:00,short,1212.4,1213.1930638589538,1205.2624252694172,1213.2730638589535,-93.44678305095132,28201.26332059756,-1.1008746005718535,5.686805607243393,5.40940045567051,5.686805607243393,stop_loss,4,60,0.74,down,ny,False,False,no_sweep,2014-09-25 15:45:00,26.29008715222443,0.74,-0.7411592494713108,Strong Trend,2014,True
2014-10-01 16:00:00,2014-10-01 16:30:00,short,1213.52,1214.460042004057,1205.059621963488,1214.5400420040569,-93.30779197431109,28569.97058702393,-1.08510258015564,1.4892951527251492,3.223260223397763,1.4892951527251492,stop_loss,2,30,0.72,down,ny,False,False,no_sweep,2014-10-01 16:00:00,30.882958142501813,0.72,0.6143063268746001,Strong Trend,2014,True
2014-10-23 13:15:00,2014-10-23 14:00:00,long,1238.5,1237.9054630206124,1243.8508328144885,1237.8254630206125,-94.69525273225264,27726.77401294521,-1.1345584930349144,2.337953816483936,1.6147019164205052,2.337953816483936,stop_loss,3,45,0.68,up,ny,True,False,prev_day_sweep,2014-10-23 13:15:00,30.714593754499543,0.68,-0.9463979193439896,Strong Trend,2014,True
2015-01-02 13:15:00,2015-01-02 14:15:00,long,1180.66,1179.7303382784955,1189.0269554935385,1179.6503382784956,-96.98611884160655,29670.17261823817,-1.0860528062513712,3.366816044588079,7.454324341531637,3.366816044588079,stop_loss,4,60,0.74,up,ny,True,False,prev_day_sweep,2015-01-02 13:15:00,37.519485396977686,0.74,-2.118904986537017,Strong Trend,2015,True
2015-01-21 13:45:00,2015-01-21 16:45:00,long,1296.33,1295.2969142206491,1305.6277720141543,1295.2169142206494,-95.77833359092602,29535.730827190924,-1.0774379065117097,8.46009128641197,6.504784146989544,8.46009128641197,stop_loss,12,180,0.82,up,ny,False,False,no_sweep,2015-01-21 13:45:00,28.69489855589368,0.82,1.3360885534643676,Strong Trend,2015,True
2015-02-18 14:45:00,2015-02-18 15:45:00,short,1207.64,1208.3558739677717,1201.1971342900565,1208.4358739677716,-108.12473563064825,32310.61099581525,-1.111751514374738,4.120837092572283,2.179154530309301,4.120837092572283,stop_loss,4,60,0.55,down,ny,False,False,no_sweep,2015-02-18 14:45:00,25.98565855266169,0.55,-0.9134962612430269,Strong Trend,2015,True
2015-02-23 15:30:00,2015-02-23 16:45:00,short,1201.41,1202.3638314149628,1192.8255172653369,1202.4438314149627,-102.99355172891762,31571.57277692105,-1.083872263740713,4.172645121104286,6.384776077267499,4.172645121104286,stop_loss,5,75,0.63,down,ny,False,False,no_sweep,2015-02-23 15:30:00,37.250307101742685,0.63,-1.3441788651598536,Strong Trend,2015,True
2015-02-24 13:30:00,2015-02-24 14:30:00,short,1199.45,1200.1306668030538,1193.323998772516,1200.2106668030538,-105.84671041919684,31465.72606650185,-1.1175318079874186,2.262487303759813,1.4985305518409242,2.262487303759813,stop_loss,4,60,0.5,down,ny,False,False,no_sweep,2015-02-24 13:30:00,29.487747909921087,0.5,-1.374751936309518,Strong Trend,2015,True
2015-03-06 13:15:00,2015-03-06 14:15:00,short,1196.78,1197.4003531015408,1191.196822086133,1197.480353101541,-106.4908108895154,31335.698695886414,-1.128958813619581,4.1750415909376,2.353498348559552,4.1750415909376,stop_loss,4,60,0.61,down,ny,False,False,no_sweep,2015-03-06 13:15:00,34.99902885619881,0.61,-1.3619149731114195,Strong Trend,2015,True
2015-04-10 14:30:00,2015-04-10 15:30:00,short,1204.42,1205.2408293475355,1197.0325358721811,1205.3208293475354,-108.72401683926677,32914.12840531117,-1.0974624021913075,6.700540150658484,2.2294524501280977,6.700540150658484,stop_loss,4,60,0.8,down,ny,True,False,prev_day_sweep,2015-04-10 14:30:00,42.01975240671686,0.8,1.905329215084136,Strong Trend,2015,True
2015-04-16 15:15:00,2015-04-16 15:45:00,long,1205.89,1205.1070443455817,1212.9366008897648,1205.0270443455815,-108.83157835565908,32805.296826955506,-1.102176923493008,3.0014471276100223,1.008997119494328,3.0014471276100223,stop_loss,2,30,0.56,up,ny,False,False,no_sweep,2015-04-16 15:15:00,27.09693365455922,0.56,0.8762667315946996,Strong Trend,2015,True
2015-04-20 15:30:00,2015-04-20 16:00:00,long,1197.28,1196.5149788602928,1204.165190257364,1196.4349788602929,-107.6271955226572,32371.670624478087,-1.1045722736897798,2.0260878027412668,2.117588542219824,1.6600848448267405,stop_loss,2,30,0.74,up,ny,True,False,prev_day_sweep,2015-04-20 15:30:00,31.04603092396262,0.74,-1.207276058259858,Strong Trend,2015,True
2015-05-05 16:00:00,2015-05-05 16:45:00,short,1197.54,1198.4432453627687,1189.4107917350802,1198.5232453627686,-104.23009692014791,31812.30375073217,-1.0885695108964633,2.5242310605514646,2.5685158159996964,2.5242310605514646,stop_loss,3,45,0.88,down,ny,True,False,prev_day_sweep,2015-05-05 16:00:00,31.34385456000449,0.88,0.8027904537861001,Strong Trend,2015,True
2015-05-06 15:30:00,2015-05-06 16:00:00,short,1195.49,1196.4031273024443,1187.271854278001,1196.4831273024442,-103.79823489209988,31708.50551584008,-1.0876110042770366,2.245031984601055,2.0260044739082144,0.974672422583028,stop_loss,2,30,0.85,down,ny,False,False,no_sweep,2015-05-06 15:30:00,34.786558135027434,0.85,-0.7132881205199046,Strong Trend,2015,True
2015-05-18 15:30:00,2015-05-18 16:30:00,long,1224.88,1224.221764439042,1230.8041200486216,1224.141764439042,-112.09621476026412,33204.15075129282,-1.1215370374148312,6.198388908162269,3.615726863094341,6.198388908162269,stop_loss,4,60,0.61,up,ny,False,False,no_sweep,2015-05-18 15:30:00,32.79321119450323,0.61,0.8142470610097305,Strong Trend,2015,True
2015-06-29 14:15:00,2015-06-29 15:15:00,short,1178.46,1179.1848285041203,1171.9365434629174,1179.2648285041205,-123.02385864628512,36808.73612798122,-1.1103709353939122,2.4005678448197862,7.229296268307837,2.4005678448197862,stop_loss,4,60,0.55,down,ny,True,False,prev_day_sweep,2015-06-29 14:15:00,27.47750989222857,0.55,-0.829926112998567,Strong Trend,2015,True
2015-07-24 16:00:00,2015-07-24 17:00:00,short,1083.53,1084.434698973589,1075.3877092376974,1084.514698973589,-121.7001312697113,37149.244864257686,-1.0884272032304307,4.841389376870357,1.4811556541109718,4.841389376870357,stop_loss,4,60,0.83,down,ny,False,False,no_sweep,2015-07-24 16:00:00,29.21985830963346,0.83,-1.2021316467944692,Strong Trend,2015,True
2015-08-11 14:30:00,2015-08-11 15:15:00,long,1109.06,1107.8294046937117,1120.1353577565958,1107.7494046937115,-122.60463434687242,38250.97181918039,-1.0650091866847846,0.8369932785673395,1.5602204804361213,0.8369932785673395,stop_loss,3,45,0.8,up,ny,False,False,no_sweep,2015-08-11 14:30:00,29.28937291501045,0.8,1.763956945851637,Strong Trend,2015,True
2015-09-16 16:00:00,2015-09-16 16:45:00,short,1113.89,1114.5329820488164,1108.1031615606537,1114.6129820488163,-123.1854476079918,36395.02484407087,-1.124420269815004,2.5195104637563053,6.252118558209607,2.5195104637563053,stop_loss,3,45,0.86,down,ny,True,False,prev_day_sweep,2015-09-16 16:00:00,44.10417873918246,0.86,1.1133440556809309,Strong Trend,2015,True
2015-10-12 15:30:00,2015-10-12 16:45:00,long,1164.02,1163.2669113556965,1170.7977977987307,1163.1869113556966,-128.71827293677313,38657.1781723304,-1.1062291944050189,3.983594790191822,1.3677008779658226,3.983594790191822,stop_loss,5,75,0.66,up,ny,False,False,no_sweep,2015-10-12 15:30:00,49.96190451937119,0.66,1.806795335987083,Strong Trend,2015,True
2015-10-14 13:45:00,2015-10-14 14:15:00,long,1166.91,1165.9991379608318,1175.1077583525116,1165.919137960832,-129.11077684416634,39433.109063433534,-1.0878288879762723,1.943214146477021,1.2296044316688102,1.943214146477021,stop_loss,2,30,0.88,up,ny,False,False,no_sweep,2015-10-14 13:45:00,36.59386206428297,0.88,0.3052822157684324,Strong Trend,2015,True
2015-12-18 16:00:00,2015-12-18 16:45:00,short,1060.48,1061.2169926629492,1053.8470660334574,1061.2969926629492,-165.36253188317576,49558.04309605389,-1.1085492488891182,3.229340154454348,5.9566400327956,3.229340154454348,stop_loss,3,45,0.65,down,ny,False,False,no_sweep,2015-12-18 16:00:00,26.69650210603956,0.65,0.6648355566708661,Strong Trend,2015,True
2015-12-30 14:15:00,2015-12-30 15:00:00,short,1067.91,1068.4581657782587,1062.9765079956724,1068.5381657782586,-169.23020454573805,49056.73847570423,-1.1459412520315737,1.1492873597498872,2.845854414618176,1.1492873597498872,stop_loss,3,45,0.66,down,ny,False,False,no_sweep,2015-12-30 14:15:00,28.922983039765647,0.66,-0.6681512695490606,Strong Trend,2015,True
2016-01-04 13:30:00,2016-01-04 15:15:00,short,1074.3,1074.897986388118,1068.9181225069372,1074.977986388118,-170.72860333310263,50023.68170973189,-1.1337823094129402,6.689115470653094,7.023571244185825,6.689115470653094,stop_loss,7,105,0.7,down,ny,True,False,prev_day_sweep,2016-01-04 13:30:00,49.0221413730884,0.7,2.720668386035748,Strong Trend,2016,True
2016-02-16 15:15:00,2016-02-16 16:30:00,long,1211.54,1210.1332877097495,1224.2004106122547,1210.0532877097496,-180.29862799930945,56685.28717614411,-1.056870193396608,3.042555346721283,3.7249976674812273,3.042555346721283,stop_loss,5,75,0.85,up,ny,False,False,no_sweep,2016-02-16 15:15:00,33.162512697630056,0.85,1.7099654410928926,Strong Trend,2016,True
2016-04-13 13:15:00,2016-04-13 13:45:00,long,1242.93,1242.092635300333,1250.466282297003,1242.0126353003332,-212.8560179822944,64551.68660240665,-1.0955378224467112,1.7793919430716223,3.8453973534836496,1.7793919430716223,stop_loss,2,30,0.63,up,ny,True,False,prev_day_sweep,2016-04-13 13:15:00,26.784341332799883,0.63,-1.658075640085146,Strong Trend,2016,True
2016-04-13 14:00:00,2016-04-13 14:30:00,long,1241.1,1240.1371373013233,1249.7657642880888,1240.057137301323,-209.7450016087418,64341.94160079791,-1.0830855739970806,1.3085977904552024,1.1112695522118996,1.3085977904552024,stop_loss,2,30,0.7,up,ny,True,False,prev_day_sweep,2016-04-13 14:00:00,32.45684190172771,0.7,-1.6103218888908484,Strong Trend,2016,True
2016-04-19 13:15:00,2016-04-19 14:45:00,short,1243.07,1243.9600679619462,1235.0593883424845,1244.040067961946,-209.0014092734761,63712.79434571223,-1.089880776997073,2.4155458817983866,1.0560991297166322,2.4155458817983866,stop_loss,6,90,0.7,down,ny,True,False,prev_day_sweep,2016-04-19 13:15:00,38.23002780688658,0.7,2.3968568141929363,Strong Trend,2016,True
2016-07-06 15:30:00,2016-07-06 16:15:00,long,1368.9199999999998,1367.819549319029,1378.8240561287382,1367.739549319029,-211.21879018739293,65423.56099985174,-1.0726974878413875,2.544412074451045,2.971509815519197,2.544412074451045,stop_loss,3,45,0.56,up,ny,False,False,no_sweep,2016-07-06 15:30:00,27.45739208987595,0.56,1.4248430301900346,Strong Trend,2016,True
2016-08-02 14:00:00,2016-08-02 14:30:00,long,1357.27,1356.5559727758025,1363.6962450177764,1356.4759727758026,-216.8333044891076,64778.78976725948,-1.1120405459187386,1.2184409368675566,1.2324460051070805,1.2184409368675566,stop_loss,2,30,0.68,up,ny,False,False,no_sweep,2016-08-02 14:00:00,43.07954082417231,0.68,2.3455545306066603,Strong Trend,2016,True
2016-09-21 13:15:00,2016-09-21 14:30:00,short,1320.96,1321.6879657834684,1314.4083079487848,1321.7679657834683,-223.7409520046641,66972.07383479993,-1.1098952750481947,1.6072183975814098,3.022120063828167,1.6072183975814098,stop_loss,5,75,0.78,down,ny,True,False,prev_day_sweep,2016-09-21 13:15:00,31.0194761919964,0.78,1.4176355567207026,Strong Trend,2016,True
2016-10-26 14:30:00,2016-10-26 17:00:00,long,1270.72,1270.1936832220083,1275.456851001923,1270.1136832220086,-248.24771045542167,71582.70482863222,-1.1519997145164538,6.40298797401123,4.578991399812489,6.40298797401123,stop_loss,10,150,0.69,up,ny,False,False,no_sweep,2016-10-26 14:30:00,27.586132554885477,0.69,-0.5438448137638093,Strong Trend,2016,True
2016-12-15 16:00:00,2016-12-15 16:30:00,short,1131.79,1132.8990300728674,1121.8087293441924,1132.979030072867,-238.78299485954076,74000.30431714022,-1.072135104319656,2.9395055010286377,1.1361278930356034,2.9395055010286377,stop_loss,2,30,0.75,down,ny,False,False,no_sweep,2016-12-15 16:00:00,42.81290676459169,0.75,-2.34577311343238,Strong Trend,2016,True
2017-02-02 14:45:00,2017-02-02 17:15:00,long,1219.58,1218.8173296170007,1226.4440334469932,1218.7373296170008,-240.91422171566524,72439.99219703644,-1.1048945937632022,7.381957036092204,1.232511476718519,7.381957036092204,stop_loss,10,150,0.56,up,ny,False,False,no_sweep,2017-02-02 14:45:00,36.23969436892955,0.56,2.09092540253716,Strong Trend,2017,True
2017-04-05 15:30:00,2017-04-05 16:15:00,long,1248.59,1248.0434509991344,1253.5089410077896,1247.9634509991345,-309.43303582818675,89665.07618482641,-1.1463729690718265,3.4214681520572747,4.994977569580659,3.4214681520572747,stop_loss,3,45,0.76,up,ny,True,False,prev_day_sweep,2017-04-05 15:30:00,33.45938187148285,0.76,-1.2354896487789595,Strong Trend,2017,True
2017-04-21 16:00:00,2017-04-21 17:15:00,long,1282.39,1281.85318409162,1287.2213431754174,1281.77318409162,-313.6653774554943,90680.83408261444,-1.1490268800739856,2.403058441195556,6.296385683131389,2.403058441195556,stop_loss,5,75,0.5,up,ny,False,False,no_sweep,2017-04-21 16:00:00,27.841463824786462,0.5,0.8837761213341272,Strong Trend,2017,True
2017-05-25 16:00:00,2017-05-25 17:30:00,long,1254.91,1254.3749461975628,1259.725484221932,1254.294946197563,-359.7833666515923,103969.00739267982,-1.1495176739900772,4.840634695433418,2.130626854360297,4.840634695433418,stop_loss,6,90,0.53,up,ny,False,False,no_sweep,2017-05-25 16:00:00,27.31944026253246,0.53,-0.2521066071591566,Strong Trend,2017,True
2017-06-23 14:15:00,2017-06-23 15:15:00,short,1257.61,1258.0604066882995,1253.5563398053048,1258.1404066882994,-370.6328706969976,104539.76107675245,-1.1776172558671063,2.975089035777062,1.2433207910707549,2.975089035777062,stop_loss,4,60,0.58,down,ny,True,False,prev_day_sweep,2017-06-23 14:15:00,45.90759974060092,0.58,2.286385191001676,Strong Trend,2017,True
2017-10-13 14:45:00,2017-10-13 15:15:00,long,1292.03,1291.573168085273,1296.141487232543,1291.493168085273,-431.5323030771144,121976.57029116388,-1.1751191136629244,2.517337258907028,2.648676594154221,2.4954473696991624,stop_loss,2,30,0.58,up,ny,False,False,no_sweep,2017-10-13 14:45:00,29.1253505606572,0.58,-0.8610718327009785,Strong Trend,2017,True
2017-10-17 14:30:00,2017-10-17 15:15:00,long,1287.62,1287.08760893237,1292.4115196086675,1287.0076089323702,-420.91631498799,121555.65397617588,-1.1502654812675437,4.207433475495064,1.126991109507431,4.207433475495064,stop_loss,3,45,0.66,up,ny,True,False,prev_day_sweep,2017-10-17 14:30:00,48.92285820842539,0.66,-1.9186448291468463,Strong Trend,2017,True
2017-10-19 13:45:00,2017-10-19 14:45:00,short,1286.02,1286.7419181041748,1279.522737062427,1286.8219181041748,-402.3572892786197,120336.90937846631,-1.1108158938490222,0.761859270212658,1.6206824475435253,0.761859270212658,stop_loss,4,60,0.83,down,ny,False,False,no_sweep,2017-10-19 13:45:00,44.82393140205292,0.83,1.4241755300992236,Strong Trend,2017,True
2017-12-13 15:45:00,2017-12-13 17:45:00,short,1245.49,1246.053922891838,1240.4146939734576,1246.133922891838,-458.2061114623241,133301.5544172967,-1.1418633667081253,4.876553230596239,1.5072982712750396,4.876553230596239,stop_loss,8,120,0.75,down,ny,True,False,prev_day_sweep,2017-12-13 15:45:00,30.42016537679068,0.75,-0.422777909212166,Strong Trend,2017,True
2017-12-20 16:00:00,2017-12-20 16:30:00,long,1263.75,1263.345066301116,1267.394403289955,1263.265066301116,-488.1638892506775,135388.83660986778,-1.1975632065704025,1.4570286484578414,4.445172147837987,1.4570286484578414,stop_loss,2,30,0.68,up,ny,False,False,no_sweep,2017-12-20 16:00:00,31.54313436426981,0.68,0.9680240903847244,Strong Trend,2017,True
2017-12-21 14:45:00,2017-12-21 15:15:00,long,1264.15,1263.849081489177,1266.8582665974063,1263.769081489177,-514.1469750309236,134874.68963483686,-1.2658527047112296,1.5618846401799846,5.017969801428235,1.5618846401799846,stop_loss,2,30,0.5,up,ny,False,False,no_sweep,2017-12-21 14:45:00,34.86563823147114,0.5,-0.5606406643526903,Strong Trend,2017,True
2017-12-27 14:00:00,2017-12-27 14:45:00,long,1284.52,1284.186654849152,1287.5201063576333,1284.106654849152,-515.018430462646,137931.74616800452,-1.2399914916907782,3.9898585493626,4.979823452588424,3.9898585493626,stop_loss,3,45,0.67,up,ny,False,False,no_sweep,2017-12-27 14:00:00,35.90040356317881,0.67,1.9615212039765884,Strong Trend,2017,True
2018-01-08 15:00:00,2018-01-08 17:00:00,long,1318.41,1317.89678941917,1323.0288952274668,1317.8167894191702,-498.5979549894185,143287.18646957845,-1.1558814314985135,4.540046692398641,1.4224180624248235,4.540046692398641,stop_loss,8,120,0.63,up,ny,False,False,no_sweep,2018-01-08 15:00:00,25.075171848448274,0.63,0.2072312554776299,Strong Trend,2018,True
2018-01-09 15:45:00,2018-01-09 16:15:00,long,1311.64,1311.0611548916522,1316.8496059751285,1310.9811548916523,-489.2711048237997,142797.91536475465,-1.1382062296912074,2.504987913155493,2.746848815115106,2.504987913155493,stop_loss,2,30,0.8,up,ny,True,False,prev_day_sweep,2018-01-09 15:45:00,35.90094647351054,0.8,-1.1464906596775482,Strong Trend,2018,True
2018-01-29 14:45:00,2018-01-29 17:45:00,long,1341.83,1341.0978106532698,1348.4197041205716,1341.01781065327,-473.86061819947776,141921.38168889898,-1.109261354808284,5.080652998589862,2.0623080720082227,5.080652998589862,stop_loss,12,180,0.56,up,ny,True,False,prev_day_sweep,2018-01-29 14:45:00,31.896780754727068,0.56,-0.8338038514839761,Strong Trend,2018,True
2018-01-30 14:30:00,2018-01-30 15:00:00,long,1343.63,1342.855025324212,1350.6047720820918,1342.775025324212,-469.71542846918345,141451.6662604298,-1.103229179609761,0.8387370843301893,1.7161851110137458,0.8387370843301893,stop_loss,2,30,0.74,up,ny,False,False,no_sweep,2018-01-30 14:30:00,37.0817203196753,0.74,1.530234238673766,Strong Trend,2018,True
2018-02-16 14:30:00,2018-02-16 15:45:00,long,1354.87,1354.1855019759682,1361.0304822162846,1354.1055019759683,-475.4049788583606,141410.1889726203,-1.11687396777091,3.18481562176029,1.1687396777100976,3.18481562176029,stop_loss,5,75,0.61,up,ny,False,False,no_sweep,2018-02-16 14:30:00,28.148817377283414,0.61,0.6883599720249142,Strong Trend,2018,True
2018-03-06 14:00:00,2018-03-06 14:45:00,short,1327.52,1328.0781742168151,1322.496432048663,1328.158174216815,-483.6121322121043,140512.27688326608,-1.1433244273739416,1.8273864490193867,1.6661464682237024,1.5765687011145817,stop_loss,3,45,0.79,down,ny,True,False,prev_day_sweep,2018-03-06 14:00:00,32.97324381398546,0.79,1.0066252666612778,Strong Trend,2018,True
2018-03-12 15:15:00,2018-03-12 16:45:00,short,1318.3300000000002,1318.9262610266285,1312.963650760346,1319.0062610266284,-474.7726235832639,139061.29446982962,-1.1341694265216409,3.706430407664136,1.8112872580436736,3.1529815232616056,stop_loss,6,90,0.66,down,ny,False,False,no_sweep,2018-03-12 15:15:00,43.243392825362186,0.66,-1.7734063390165589,Strong Trend,2018,True
2018-03-15 15:45:00,2018-03-15 17:30:00,long,1317.47,1316.82777797854,1323.2499981931392,1316.7477779785402,-464.3277556010751,137167.17657474676,-1.1245675129888375,3.17647158121819,1.3235298255078152,3.17647158121819,stop_loss,7,105,0.79,up,ny,True,False,prev_day_sweep,2018-03-15 15:45:00,48.81940747982922,0.79,-1.3438850376417362,Strong Trend,2018,True
2018-04-19 13:15:00,2018-04-19 15:15:00,long,1347.15,1346.3418069321872,1354.423737610313,1346.2618069321873,-437.90309106165006,132382.4094420234,-1.0989862486898605,4.392514785616775,1.1383418599342383,4.392514785616775,stop_loss,8,120,0.87,up,ny,False,False,no_sweep,2018-04-19 13:15:00,28.56766499451123,0.87,0.1160050561479584,Strong Trend,2018,True
2018-05-10 14:45:00,2018-05-10 15:30:00,short,1318.02,1318.6466114916616,1312.380496575046,1318.7266114916615,-451.0260816178112,132869.8200108013,-1.1276708152730948,1.228831597004625,7.101689099572424,1.228831597004625,stop_loss,3,45,0.73,down,ny,True,False,prev_day_sweep,2018-05-10 14:45:00,25.83767783433288,0.73,0.8956679604616326,Strong Trend,2018,True
2018-05-22 13:15:00,2018-05-22 14:30:00,short,1294.93,1295.4367945257889,1290.3688492679014,1295.5167945257888,-451.913843080386,129648.97141056412,-1.1578549016002346,2.486214700205939,1.440425977103487,2.4664828375059096,stop_loss,5,75,0.61,down,ny,True,False,prev_day_sweep,2018-05-22 13:15:00,33.479361682486086,0.61,1.170090506707124,Strong Trend,2018,True
2018-06-26 13:45:00,2018-06-26 16:15:00,short,1257.7,1258.204815476808,1253.1566607087284,1258.284815476808,-475.6587132247441,136387.95590077783,-1.1584737466960515,5.9229562827703255,2.9119550955426465,5.9229562827703255,stop_loss,10,150,0.68,down,ny,False,False,no_sweep,2018-06-26 13:45:00,61.26543525329894,0.68,-2.791719884759992,Strong Trend,2018,True
2018-07-24 13:15:00,2018-07-24 13:45:00,short,1226.44,1227.0392930510195,1221.046362540822,1227.1192930510197,-444.86341594197495,130379.16185893067,-1.1334906184275102,1.5184557846144455,1.535142111917505,0.6674530921383096,stop_loss,2,30,0.71,down,ny,False,False,no_sweep,2018-07-24 13:15:00,30.66631151412033,0.71,0.4330975648840047,Strong Trend,2018,True
2018-07-24 14:00:00,2018-07-24 14:45:00,short,1226.82,1227.4155454931088,1221.460090562021,1227.4955454931087,-443.67922958827234,129935.4826293424,-1.1343306278456011,1.7462981619943423,2.182872702492928,1.7462981619943423,stop_loss,3,45,0.7,down,ny,False,False,no_sweep,2018-07-24 14:00:00,34.13804077842283,0.7,0.8303239303694611,Strong Trend,2018,True
2018-07-24 15:00:00,2018-07-24 16:45:00,short,1227.73,1228.3105553630955,1222.5050017321398,1228.3905553630957,-443.52142119348025,129491.96120814892,-1.137799088743865,5.339714688829462,2.3770342808336267,5.339714688829462,stop_loss,7,105,0.63,down,ny,False,False,no_sweep,2018-07-24 15:00:00,35.720825651252284,0.63,1.073637921674472,Strong Trend,2018,True
2018-07-25 14:45:00,2018-07-25 16:00:00,short,1232.81,1233.3515021496826,1227.936480652857,1233.4315021496825,-445.8682147687316,129046.0929933802,-1.1477371789693076,3.2502179373277054,2.1975905371705493,3.2502179373277054,stop_loss,5,75,0.62,down,ny,True,False,prev_day_sweep,2018-07-25 14:45:00,44.05298482560757,0.62,1.8819522296513904,Strong Trend,2018,True
2018-07-27 14:45:00,2018-07-27 15:15:00,short,1220.4,1220.8872231900732,1216.0149912893417,1220.9672231900731,-447.57425492373966,127702.19118423884,-1.1641957969774035,3.28391593955134,1.7240558682641387,3.222342515684814,stop_loss,2,30,0.53,down,ny,False,False,no_sweep,2018-07-27 14:45:00,42.12950340719023,0.53,-2.196860184611818,Strong Trend,2018,True
2018-08-03 14:45:00,2018-08-03 15:15:00,short,1212.01,1212.5025817285336,1207.576764443198,1212.5825817285336,-437.57416989056645,125041.47986744795,-1.1624095969578012,3.573011133074857,1.40078277376242,3.573011133074857,stop_loss,2,30,0.57,down,ny,False,False,no_sweep,2018-08-03 14:45:00,25.65170134189169,0.57,0.1489780811731458,Strong Trend,2018,True
2018-08-22 14:15:00,2018-08-22 14:45:00,short,1199.18,1199.7423254380808,1194.1190710572737,1199.8223254380807,-438.0321274551188,127387.41447723204,-1.1422663720726811,0.9780813080004932,1.653846575346134,0.9780813080004932,stop_loss,2,30,0.79,down,ny,True,False,prev_day_sweep,2018-08-22 14:15:00,30.99359686446517,0.79,0.7657479951522216,Strong Trend,2018,True
2018-08-23 14:00:00,2018-08-23 15:00:00,short,1190.48,1191.0761195063951,1185.1149244424446,1191.156119506395,-445.0443143334894,130350.17481241772,-1.1342012786726434,1.5433147047369256,1.7446166227458908,1.4091134260639009,stop_loss,4,60,0.69,down,ny,False,False,no_sweep,2018-08-23 14:00:00,41.63847322912597,0.69,-1.504928333064835,Strong Trend,2018,True
2018-08-28 14:30:00,2018-08-28 15:30:00,long,1211.71,1211.223073164819,1216.0923415166303,1211.143073164819,-469.4592170968662,133934.88636574437,-1.1642957303229733,4.908334943403027,1.0679222471002596,4.908334943403027,stop_loss,4,60,0.59,up,ny,False,False,no_sweep,2018-08-28 14:30:00,35.70074918075658,0.59,1.5140973449407644,Strong Trend,2018,True
2018-08-31 14:30:00,2018-08-31 15:30:00,long,1203.63,1202.975645118812,1209.5191939306894,1202.895645118812,-449.3921907010164,133029.2029163775,-1.1222578180431786,1.5740694073076618,2.0631006794803763,1.5740694073076618,stop_loss,4,60,0.75,up,ny,False,False,no_sweep,2018-08-31 14:30:00,33.81086391834953,0.75,1.046892456210272,Strong Trend,2018,True
2018-10-05 15:30:00,2018-10-05 16:30:00,long,1201.96,1201.4501774990797,1206.5484025082858,1201.3701774990795,-464.4648279322164,133358.06641183034,-1.1569173582089352,5.5117222070937535,1.6084029216429234,5.5117222070937535,stop_loss,4,60,0.64,up,ny,False,False,no_sweep,2018-10-05 15:30:00,27.95235904767144,0.64,1.2734273261609448,Strong Trend,2018,True
2018-10-08 15:45:00,2018-10-08 18:15:00,long,1185.2,1184.5151189820087,1191.3639291619213,1184.4351189820088,-445.2663745757512,132453.17609500134,-1.1168086103985777,6.745697250523838,2.73040126806941,6.745697250523838,stop_loss,10,150,0.77,up,ny,True,False,prev_day_sweep,2018-10-08 15:45:00,51.25713753632486,0.77,-1.6680817600962583,Strong Trend,2018,True
2018-10-15 14:45:00,2018-10-15 16:00:00,long,1228.9,1228.2479591012736,1234.7683680885368,1228.1679591012737,-442.9453712740436,131069.96985642756,-1.1226916902853925,4.570265463135404,7.591548336415286,4.570265463135404,stop_loss,5,75,0.67,up,ny,False,False,no_sweep,2018-10-15 14:45:00,47.77388176052562,0.67,2.814737496109668,Strong Trend,2018,True
2018-10-23 13:15:00,2018-10-23 13:45:00,long,1234.39,1233.8244217538315,1239.4802042155145,1233.7444217538316,-452.0734807212313,131565.45131615587,-1.14144815601008,0.070724078005442,1.4321625796032666,0.017681019501662,stop_loss,2,30,0.8,up,ny,False,False,no_sweep,2018-10-23 13:15:00,59.848998619444544,0.8,3.915925760244527,Strong Trend,2018,True
2018-10-26 13:45:00,2018-10-26 14:15:00,long,1236.03,1235.3689004370112,1241.9798960668982,1235.2889004370113,-452.7270561786066,134166.0088240872,-1.121010517142469,0.6504315296414567,2.37483139892301,0.6504315296414567,stop_loss,2,30,0.79,up,ny,False,False,no_sweep,2018-10-26 13:45:00,34.81711802207116,0.79,1.566520204535124,Strong Trend,2018,True
2018-10-26 14:30:00,2018-10-26 15:00:00,long,1234.81,1234.1646863192834,1240.617823126449,1234.0846863192835,-452.39599559945947,133713.61282848776,-1.123970717482851,1.72009370507632,2.0610131781541603,1.72009370507632,stop_loss,2,30,0.77,up,ny,False,False,no_sweep,2018-10-26 14:30:00,30.43516562013093,0.77,1.4458744892267863,Strong Trend,2018,True
2018-11-01 14:30:00,2018-11-01 15:00:00,short,1229.52,1230.2573643468368,1222.8837208784685,1230.3373643468367,-450.4044928627584,134989.89455182935,-1.1084945323748276,1.9529015827487497,1.0306980575617888,1.9529015827487497,stop_loss,2,30,0.88,down,ny,True,False,prev_day_sweep,2018-11-01 14:30:00,43.224999598391,0.88,1.628783312658599,Strong Trend,2018,True
2018-11-07 14:15:00,2018-11-07 15:00:00,long,1232.04,1231.331294205542,1238.4183521501209,1231.251294205542,-461.1275158695878,137657.0169080633,-1.1128818201086026,1.411022751358816,1.326361386277364,1.411022751358816,stop_loss,3,45,0.82,up,ny,False,False,no_sweep,2018-11-07 14:15:00,30.25209768716422,0.82,1.3453245630956756,Strong Trend,2018,True
2018-11-08 14:30:00,2018-11-08 15:15:00,short,1225.1,1225.6637176560766,1220.0265410953116,1225.7437176560766,-468.4210401468268,136267.1018069147,-1.1419150156777598,2.1819433660479755,1.9690708425305288,1.57880454941669,stop_loss,3,45,0.51,down,ny,False,False,no_sweep,2018-11-08 14:30:00,27.022593272671813,0.51,-0.6805664528877009,Strong Trend,2018,True
2019-01-14 14:30:00,2019-01-14 15:30:00,long,1294.05,1293.5812168090345,1298.2690487186896,1293.5012168090343,-502.82202677343537,142671.21469005727,-1.1706545830603716,3.434423484093372,11.647175293881023,3.434423484093372,stop_loss,4,60,0.67,up,ny,False,False,no_sweep,2019-01-14 14:30:00,31.689544570840464,0.67,1.577717974274707,Strong Trend,2019,True
2019-01-18 15:30:00,2019-01-18 16:15:00,long,1282.33,1281.7655964502944,1287.40963194735,1281.6855964502945,-485.1519609527783,141155.64079668227,-1.1417425528979577,2.5513659521656527,1.0276335085109978,2.5513659521656527,stop_loss,3,45,0.89,up,ny,True,False,prev_day_sweep,2019-01-18 15:30:00,49.19824309750285,0.89,-2.032733183509448,Strong Trend,2019,True
2019-01-29 13:30:00,2019-01-29 16:30:00,long,1307.25,1306.779539219628,1311.4841470233475,1306.6995392196282,-488.3995137670165,138651.2840466621,-1.170046055564256,8.821139132404,2.4231562917930654,8.821139132404,stop_loss,12,180,0.7,up,ny,False,False,no_sweep,2019-01-29 13:30:00,26.1910483408227,0.7,1.8757749771193,Strong Trend,2019,True
2019-02-26 13:30:00,2019-02-26 14:00:00,long,1325.43,1324.996228595021,1329.3339426448115,1324.916228595021,-498.1404214400311,139693.30684536122,-1.1844289390255731,1.4062706600710448,1.0143591646417016,0.2996970259165566,stop_loss,2,30,0.57,up,ny,False,False,no_sweep,2019-02-26 13:30:00,28.030825226888112,0.57,-1.1688625914083517,Strong Trend,2019,True
2019-05-16 15:45:00,2019-05-16 17:15:00,long,1290.72,1290.1502139749152,1295.8480742257625,1290.0702139749153,-499.4662937940971,145491.62575719657,-1.140403583938412,4.352511102094766,1.1407791195007957,4.352511102094766,stop_loss,6,90,0.81,up,ny,True,False,prev_day_sweep,2019-05-16 15:45:00,29.26240301693948,0.81,-0.9338820951638248,Strong Trend,2019,True
2019-05-20 15:15:00,2019-05-20 18:00:00,short,1278.02,1278.5557083582244,1273.198624775981,1278.6357083582243,-498.08644957249726,143958.3327788556,-1.1493349856722208,5.282725118159483,1.7360192084412658,5.282725118159483,stop_loss,11,165,0.79,down,ny,False,False,no_sweep,2019-05-20 15:15:00,25.207885698297616,0.79,-0.4781972323759783,Strong Trend,2019,True
2019-05-23 13:15:00,2019-05-23 13:45:00,short,1276.74,1277.1185685068956,1273.33288343794,1277.1985685068955,-533.0317486417124,146147.3661831299,-1.2113223856256787,1.1622731209424335,2.667945118526595,1.1622731209424335,stop_loss,2,30,0.71,down,ny,False,False,no_sweep,2019-05-23 13:15:00,37.2615886087566,0.71,0.8968478808081123,Strong Trend,2019,True
2019-05-23 14:00:00,2019-05-23 15:00:00,short,1277.44,1277.8339923504554,1273.8940688459015,1277.9139923504554,-527.4676033425102,145619.89857978738,-1.2030496275053568,2.0051150716171287,3.477224871032119,2.0051150716171287,stop_loss,4,60,0.77,down,ny,True,False,prev_day_sweep,2019-05-23 14:00:00,41.23648707188783,0.77,1.1652149214874472,Strong Trend,2019,True
2019-06-12 13:45:00,2019-06-12 14:30:00,long,1335.01,1334.4596197580631,1339.9634221774315,1334.3796197580632,-494.228197171387,143341.41080036937,-1.1453540550772612,2.1439723123916674,1.290017238811932,2.1439723123916674,stop_loss,3,45,0.68,up,ny,False,False,no_sweep,2019-06-12 13:45:00,47.30655505399435,0.68,2.3039084546678605,Strong Trend,2019,True
2019-07-09 14:15:00,2019-07-09 14:45:00,short,1390.21,1391.0737142725177,1382.4365715473402,1391.1537142725176,-475.74170200284425,144661.7255794555,-1.0926232233800353,1.0883228747164655,2.952365245241252,1.0883228747164655,stop_loss,2,30,0.74,down,ny,False,False,no_sweep,2019-07-09 14:15:00,36.66041704602295,0.74,-1.39944749996603,Strong Trend,2019,True
2019-07-09 15:30:00,2019-07-09 18:00:00,short,1394.39,1395.2847398840252,1386.337341043774,1395.364739884025,-471.237950038707,143716.08001243256,-1.0894114607253689,4.649395957723487,6.1917436552373655,4.649395957723487,stop_loss,10,150,0.8,down,ny,False,False,no_sweep,2019-07-09 15:30:00,29.88656866382619,0.8,-0.9600672398469544,Strong Trend,2019,True
2019-07-24 16:00:00,2019-07-24 17:30:00,long,1424.9199999999998,1424.2167747368526,1431.2490273683254,1424.1367747368529,-466.0686785938047,139021.80050812467,-1.113761555780704,6.527069262924031,2.5169744216500143,6.527069262924031,stop_loss,6,90,0.58,up,ny,False,False,no_sweep,2019-07-24 16:00:00,33.62864161579914,0.58,1.400367319770391,Strong Trend,2019,True
2019-08-13 14:30:00,2019-08-13 15:00:00,long,1526.54,1525.321308296737,1537.5082253293672,1525.241308296737,-476.3596922077076,148528.87976117662,-1.0656441656127909,0.541564366306085,3.290413801344131,0.541564366306085,stop_loss,2,30,0.75,up,ny,False,False,no_sweep,2019-08-13 14:30:00,47.87947150401707,0.75,2.1388259233697813,Strong Trend,2019,True
2019-08-20 15:15:00,2019-08-20 16:00:00,long,1503.29,1502.4875573310949,1510.5119840201453,1502.407557331095,-483.7635960108989,146151.8441252249,-1.0996955958350083,3.339802460475908,2.3553084516040634,2.4176181990012275,stop_loss,3,45,0.57,up,ny,False,False,no_sweep,2019-08-20 15:15:00,41.63470639053832,0.57,1.7530799737530482,Strong Trend,2019,True
2019-08-23 15:45:00,2019-08-23 16:15:00,short,1503.69,1504.538353017303,1496.0548228442733,1504.618353017303,-487.72451457258177,148077.37081678575,-1.0943003659658752,2.4164468778776995,1.2376923033031857,2.4164468778776995,stop_loss,2,30,0.77,down,ny,True,False,prev_day_sweep,2019-08-23 15:45:00,27.86934770839991,0.77,0.4112094618105071,Strong Trend,2019,True
2019-08-28 15:45:00,2019-08-28 16:30:00,long,1541.28,1540.3068209960627,1550.038611035436,1540.2268209960628,-483.2941211122729,148377.6591244093,-1.0822048150199133,3.5348070458595444,1.5927182910122228,0.9967333821173838,stop_loss,3,45,0.67,up,ny,False,False,no_sweep,2019-08-28 15:45:00,29.797122844062677,0.67,0.8942562073161888,Strong Trend,2019,True
2019-09-03 14:00:00,2019-09-03 14:30:00,long,1530.39,1529.5885806645329,1537.6027740192033,1529.508580664533,-487.9933157133803,147412.58138035508,-1.0998228972767523,1.147963318683788,1.7344228401849924,1.147963318683788,stop_loss,2,30,0.69,up,ny,False,False,no_sweep,2019-09-03 14:00:00,38.13053057070689,0.69,1.6474530617437155,Strong Trend,2019,True
2019-10-08 13:15:00,2019-10-08 13:45:00,short,1502.4,1503.245745996183,1494.7882860343557,1503.3257459961828,-502.6726898665008,152575.1033588736,-1.0945910478571568,0.3901880724113094,1.3479224319655594,0.3192447865181729,stop_loss,2,30,0.66,down,ny,False,False,no_sweep,2019-10-08 13:15:00,37.96902252146821,0.66,1.2679329535730457,Strong Trend,2019,True
2019-10-08 14:30:00,2019-10-08 16:00:00,short,1506.12,1507.1058020061596,1497.2477819445655,1507.1858020061595,-494.8707252586758,152080.2326336149,-1.0811521984131425,3.986601747049298,1.0955546785783417,3.804009300619728,stop_loss,6,90,0.88,down,ny,False,False,no_sweep,2019-10-08 14:30:00,49.09772006849083,0.88,1.827881708798375,Strong Trend,2019,True
2019-10-17 14:15:00,2019-10-17 15:00:00,short,1489.34,1490.250511961112,1481.145392349992,1490.330511961112,-535.5858194723984,163573.92319448458,-1.0878626568532126,1.900029954452715,1.0543518822392974,1.900029954452715,stop_loss,3,45,0.7,down,ny,False,False,no_sweep,2019-10-17 14:15:00,27.45352573623672,0.7,-0.3789320507622608,Strong Trend,2019,True
2019-10-30 14:15:00,2019-10-30 16:00:00,short,1494.12,1494.6263106399808,1489.5632042401735,1494.7063106399808,-548.0454563210741,157207.48935574095,-1.1580057650042177,8.848322840244267,3.021860255708355,8.848322840244267,stop_loss,7,105,0.51,down,ny,True,False,prev_day_sweep,2019-10-30 14:15:00,29.807183537820272,0.51,1.2956881128186446,Strong Trend,2019,True
2019-11-19 13:30:00,2019-11-19 14:00:00,short,1467.26,1467.8728234733462,1461.744588739884,1467.952823473346,-529.5122908490232,155593.73975505255,-1.1305433024017504,0.473219471206716,1.9744674488283287,0.473219471206716,stop_loss,2,30,0.61,down,ny,False,False,no_sweep,2019-11-19 13:30:00,29.54306764598801,0.61,-1.2008986221500828,Strong Trend,2019,True
2020-01-08 13:45:00,2020-01-08 14:45:00,long,1577.52,1575.9430222123683,1591.7128000886858,1575.8630222123684,-480.6717653058982,152007.53149390724,-1.0507299472620169,1.585310851939474,2.568203580141919,1.585310851939474,stop_loss,4,60,0.58,up,ny,False,False,no_sweep,2020-01-08 13:45:00,26.209612763559115,0.58,-0.6667061662973377,Strong Trend,2020,True
2020-01-17 16:00:00,2020-01-17 17:15:00,long,1555.38,1554.6333745545935,1562.0996290086578,1554.5533745545936,-511.58256521159495,153512.45284117584,-1.107148772509868,4.741333183566236,1.834922729233016,4.741333183566236,stop_loss,5,75,0.86,up,ny,False,False,no_sweep,2020-01-17 16:00:00,26.7359777325539,0.86,0.8697863365626801,Strong Trend,2020,True
2020-02-24 14:15:00,2020-02-24 15:00:00,long,1680.57,1678.8219092294885,1696.3028169346037,1678.7419092294886,-500.8366913179788,159138.9382675484,-1.045764213935253,1.5044985331228702,4.696552455109622,1.5044985331228702,stop_loss,3,45,0.69,up,ny,False,False,no_sweep,2020-02-24 14:15:00,47.2364322908958,0.69,2.762948923811486,Strong Trend,2020,True
2020-02-24 15:15:00,2020-02-24 16:45:00,long,1676.06,1674.1952489718717,1692.8427592531557,1674.1152489718716,-497.8985545137685,158641.03971303464,-1.04290116953587,4.381281938854747,1.2065953931974411,4.381281938854747,stop_loss,6,90,0.83,up,ny,False,False,no_sweep,2020-02-24 15:15:00,39.26240693963005,0.83,2.018151812360227,Strong Trend,2020,True
2020-05-01 14:30:00,2020-05-01 16:30:00,short,1683.54,1685.3537033777625,1667.2166696001389,1685.4337033777622,-511.6037567285742,162818.70315243924,-1.0441086458683388,4.377783102436653,1.31774579531788,4.377783102436653,stop_loss,8,120,0.63,down,ny,False,False,no_sweep,2020-05-01 14:30:00,29.18110438171901,0.63,-0.9775372624859742,Strong Trend,2020,True
2020-05-07 16:00:00,2020-05-07 17:00:00,short,1697.87,1699.288659382397,1685.1020655584246,1699.3686593823973,-524.8400999775224,165083.02268657228,-1.056391266989505,3.002834967194025,2.0653301534923827,3.002834967194025,stop_loss,4,60,0.63,down,ny,False,False,no_sweep,2020-05-07 16:00:00,33.19277357166293,0.63,0.6275991387724985,Strong Trend,2020,True
2020-05-12 13:45:00,2020-05-12 15:15:00,long,1702.3,1701.181284245164,1712.3684417935242,1701.101284245164,-527.3222932682759,163515.9478969525,-1.0715105688411866,3.2894861666976354,2.2704605607097093,3.2894861666976354,stop_loss,6,90,0.52,up,ny,False,False,no_sweep,2020-05-12 13:45:00,27.172066578749615,0.52,0.9484895480637257,Strong Trend,2020,True
2020-06-15 14:00:00,2020-06-15 15:30:00,long,1709.76,1708.212671711071,1723.685954600362,1708.132671711071,-511.8965330016845,161731.94652084017,-1.0517020212015231,2.5721755547781324,2.559250049477752,2.5721755547781324,stop_loss,6,90,0.9,up,ny,True,False,prev_day_sweep,2020-06-15 14:00:00,47.6419201408504,0.9,-1.658113985268019,Strong Trend,2020,True
2020-07-23 14:30:00,2020-07-23 15:00:00,long,1876.11,1874.5910758618743,1889.780317243128,1874.5110758618744,-525.4262144810907,165853.64934626874,-1.0526688581686912,1.9882493958700345,2.363515010322108,1.9882493958700345,stop_loss,2,30,0.58,up,ny,False,False,no_sweep,2020-07-23 14:30:00,40.38438037240664,0.58,1.8085021990767016,Strong Trend,2020,True
2020-07-30 15:45:00,2020-07-30 17:15:00,long,1949.48,1947.5931177058776,1966.4619406471008,1947.513117705878,-530.9354513120485,169249.21278909897,-1.0423979811825754,6.571687083305213,2.188795778552504,6.571687083305213,stop_loss,6,90,0.56,up,ny,False,False,no_sweep,2020-07-30 15:45:00,37.28501520137387,0.56,-0.7212507212736735,Strong Trend,2020,True
2020-08-18 13:15:00,2020-08-18 14:15:00,long,2005.12,2003.3613282915949,2020.9480453756448,2003.281328291595,-552.8217030642502,175703.38262224756,-1.0454888764159862,2.206210506177401,2.2005243966252737,2.206210506177401,stop_loss,4,60,0.56,up,ny,False,False,no_sweep,2020-08-18 13:15:00,30.2186828778705,0.56,2.281716096031464,Strong Trend,2020,True
2020-08-18 14:30:00,2020-08-18 17:00:00,long,2002.04,2000.291581382332,2017.7757675590144,2000.211581382332,-551.2284061620813,175152.15421608547,-1.0457556326565656,7.738421373048668,5.35912847490505,7.738421373048668,stop_loss,10,150,0.59,up,ny,False,False,no_sweep,2020-08-18 14:30:00,25.1776067247454,0.59,1.98108357223623,Strong Trend,2020,True
2020-08-21 16:00:00,2020-08-21 17:45:00,short,1938.45,1941.476571236366,1911.210858872707,1941.556571236366,-548.7282640088027,177650.43452882176,-1.0264325514756376,5.58718056816801,2.335976736661578,5.58718056816801,stop_loss,7,105,0.88,down,ny,False,False,no_sweep,2020-08-21 16:00:00,28.23450303965252,0.88,-0.944691750707601,Strong Trend,2020,True
2020-08-28 15:00:00,2020-08-28 15:30:00,short,1962.23,1964.317627287596,1943.4413544116355,1964.397627287596,-574.2992500372906,183793.61807051327,-1.0383210166274706,4.560200978673163,1.1304699905113686,2.323211633042486,stop_loss,2,30,0.53,down,ny,False,False,no_sweep,2020-08-28 15:00:00,35.27457926021261,0.53,1.86955730370937,Strong Trend,2020,True
2020-10-01 15:45:00,2020-10-01 18:15:00,short,1907.29,1908.859810100529,1893.1617090952373,1908.939810100529,-572.0791156140141,180874.17212357715,-1.0509615780742914,6.981736196184319,1.4969963559337636,6.981736196184319,stop_loss,10,150,0.66,down,ny,True,False,prev_day_sweep,2020-10-01 15:45:00,28.25871442955428,0.66,0.8973121467471226,Strong Trend,2020,True
2020-11-06 15:00:00,2020-11-06 16:30:00,long,1949.71,1948.085156898348,1964.333587914868,1948.005156898348,-568.4418305629531,180020.76433268824,-1.0492355230597896,6.511397924663045,3.0956835123870667,6.511397924663045,stop_loss,6,90,0.58,up,ny,False,False,no_sweep,2020-11-06 15:00:00,25.134768054391355,0.58,1.3236194688675482,Strong Trend,2020,True
2020-11-19 14:15:00,2020-11-19 14:45:00,short,1863.4,1864.780617880424,1850.9744390761864,1864.860617880424,-556.9484929268208,174924.27720743313,-1.0579450701995683,2.209155801360685,1.1806308053171934,2.209155801360685,stop_loss,2,30,0.61,down,ny,False,False,no_sweep,2020-11-19 14:15:00,36.58808373554841,0.61,-1.0416895823491092,Strong Trend,2020,True
2020-12-01 13:15:00,2020-12-01 14:00:00,short,1806.74,1808.1561802641845,1793.9943776223402,1808.2361802641844,-567.4972866115708,178483.66753980707,-1.0564899836716724,2.3443343223764885,1.334575864244543,2.3443343223764885,stop_loss,3,45,0.57,down,ny,True,False,prev_day_sweep,2020-12-01 13:15:00,54.04145952519266,0.57,1.999241094413529,Strong Trend,2020,True
2020-12-09 13:45:00,2020-12-09 16:30:00,long,1854.0,1852.438902182923,1868.0498803536964,1852.3589021829227,-569.402922168899,179979.18059013953,-1.0512459879994598,6.482617481937471,2.876181076472294,6.482617481937471,stop_loss,11,165,0.84,up,ny,True,False,prev_day_sweep,2020-12-09 13:45:00,26.92338991014975,0.84,-0.5430982857511079,Strong Trend,2020,True
2020-12-14 13:45:00,2020-12-14 15:45:00,short,1827.83,1829.2299896028271,1815.2300935745577,1829.309989602827,-568.9681095855956,178835.31874902413,-1.0571432815203663,4.057172987949757,4.5928912522035175,4.057172987949757,stop_loss,8,120,0.72,down,ny,False,False,no_sweep,2020-12-14 13:45:00,46.17399434737604,0.72,-1.417942213961746,Strong Trend,2020,True
2020-12-14 16:00:00,2020-12-14 16:30:00,short,1832.51,1834.1582717505296,1817.6755542452304,1834.2382717505295,-562.5456408354481,178272.77310818867,-1.0485356859232775,0.6188299955223447,3.949591442010324,0.6188299955223447,stop_loss,2,30,0.9,down,ny,False,False,no_sweep,2020-12-14 16:00:00,36.65626527106608,0.9,-0.8923177721506312,Strong Trend,2020,True
2020-12-16 14:15:00,2020-12-16 15:15:00,long,1857.46,1856.1614921145535,1869.146570969017,1856.0814921145536,-571.968506614546,179019.7054347391,-1.061609175343924,2.2949417815632707,6.253331297414066,2.2949417815632707,stop_loss,4,60,0.76,up,ny,False,False,no_sweep,2020-12-16 14:15:00,25.749645652882347,0.76,1.367760097741091,Strong Trend,2020,True
2021-01-06 14:00:00,2021-01-06 14:30:00,long,1945.36,1943.761185717558,1959.7493285419769,1943.681185717558,-573.5764250070338,181507.74727356163,-1.0500370811535034,1.5886773266252934,12.546798099252324,1.5886773266252934,stop_loss,2,30,0.78,up,ny,False,False,no_sweep,2021-01-06 14:00:00,28.33221365963432,0.78,0.9527186269642164,Strong Trend,2021,True
2021-01-22 13:30:00,2021-01-22 14:30:00,long,1847.94,1846.5987349535783,1860.0113854177937,1846.5187349535784,-568.0117703005825,178111.851726056,-1.059645183637168,3.123916492999548,4.4435661809730735,3.123916492999548,stop_loss,4,60,0.79,up,ny,True,False,prev_day_sweep,2021-01-22 13:30:00,46.6308739877397,0.79,-1.182599385303457,Strong Trend,2021,True
2021-03-12 14:15:00,2021-03-12 14:45:00,short,1704.25,1705.5000910049996,1692.9991809550036,1705.5800910049995,-601.9098959496072,187967.1789655344,-1.0639953408831644,0.991927783689958,2.055850325873476,0.991927783689958,stop_loss,2,30,0.52,down,ny,False,False,no_sweep,2021-03-12 14:15:00,51.39524981254958,0.52,-2.5755216799948486,Strong Trend,2021,True
2021-03-12 15:00:00,2021-03-12 16:45:00,short,1706.65,1707.8880211144258,1695.5078099701689,1707.9680211144257,-600.3404331529198,187366.83853238143,-1.064619253313009,5.6299524449010345,1.211610999620017,5.6299524449010345,stop_loss,7,105,0.5,down,ny,False,False,no_sweep,2021-03-12 15:00:00,43.93954490565287,0.5,-2.286444633702948,Strong Trend,2021,True
2021-03-18 13:45:00,2021-03-18 14:15:00,long,1730.33,1728.8337499081872,1743.7962508263147,1728.7537499081873,-591.3611558773663,186524.5008028174,-1.0534669975545372,2.13199652748915,2.0651627805458266,2.13199652748915,stop_loss,2,30,0.81,up,ny,False,False,no_sweep,2021-03-18 13:45:00,41.32645689205301,0.81,-1.592648457829964,Strong Trend,2021,True
2021-04-09 13:15:00,2021-04-09 15:15:00,long,1744.63,1743.764220035705,1752.4220196786544,1743.684220035705,-594.8548144500068,180917.8998987708,-1.0924022307042858,4.9319690638459885,6.652960610714628,4.9319690638459885,stop_loss,8,120,0.59,up,ny,False,False,no_sweep,2021-04-09 13:15:00,39.83501633060564,0.59,-1.5479906531273573,Strong Trend,2021,True
2021-04-19 15:15:00,2021-04-19 16:00:00,long,1776.26,1774.9153458130093,1788.3618876829173,1774.835345813009,-598.475740410742,187691.17319200048,-1.0594948506269577,1.7476612371684053,3.2350325028437013,1.7476612371684053,stop_loss,3,45,0.86,up,ny,False,False,no_sweep,2021-04-19 15:15:00,28.995242620576867,0.86,1.021484611607209,Strong Trend,2021,True
2021-06-11 14:15:00,2021-06-11 15:15:00,long,1888.39,1887.3433513920756,1897.8098374713209,1887.2633513920755,-773.0004913436478,238597.6670794661,-1.076434439786406,3.2580179958985958,2.742085527339704,3.2580179958985958,stop_loss,4,60,0.65,up,ny,False,False,no_sweep,2021-06-11 14:15:00,38.12057005750249,0.65,-1.0293457865646802,Strong Trend,2021,True
2021-06-28 13:30:00,2021-06-28 16:00:00,short,1778.29,1779.2908831068546,1769.2820520383084,1779.3708831068543,-794.1221537613376,244321.32817824493,-1.0799294137867246,4.845720710824488,2.4678206506673903,4.845720710824488,stop_loss,10,150,0.65,down,ny,False,False,no_sweep,2021-06-28 13:30:00,32.76739256052738,0.65,-0.4031252414066181,Strong Trend,2021,True
2021-07-22 14:45:00,2021-07-22 15:30:00,short,1797.95,1798.8460765447107,1789.8853110976045,1798.926076544711,-796.6174599015517,242978.73834016448,-1.0892780873153598,4.329987234799004,9.16216371074716,4.329987234799004,stop_loss,3,45,0.56,down,ny,False,False,no_sweep,2021-07-22 14:45:00,26.77844566631822,0.56,-1.1382733316749472,Strong Trend,2021,True
2021-07-22 15:45:00,2021-07-22 18:15:00,short,1803.35,1804.68914637634,1791.2976826129395,1804.76914637634,-772.4825354466167,242206.25580471783,-1.0597395485761385,5.555778017585968,3.1960658488262923,5.555778017585968,stop_loss,10,150,0.85,down,ny,False,False,no_sweep,2021-07-22 15:45:00,25.61066429362409,0.85,-0.5420957319592089,Strong Trend,2021,True
2021-07-23 16:00:00,2021-07-23 19:00:00,short,1802.81,1804.208408738772,1790.2243213510535,1803.56,-389.7029963065149,241816.55280841133,-0.536323879568052,5.642127213055817,0.6292866853599258,5.642127213055817,time_stop,12,180,0.88,down,ny,False,False,no_sweep,2021-07-23 16:00:00,30.7711736193406,0.88,-1.015202403540434,Strong Trend,2021,True
2021-09-23 13:15:00,2021-09-23 13:45:00,short,1774.29,1775.5528556788258,1762.9242988905678,1775.6328556788258,-744.1056624133322,232514.53268628375,-1.0633484897294887,2.541858150398075,1.0373315193212778,2.541858150398075,stop_loss,2,30,0.81,down,ny,False,False,no_sweep,2021-09-23 13:15:00,28.360679338140983,0.81,0.2414633961679246,Strong Trend,2021,True
2021-10-04 15:00:00,2021-10-04 15:30:00,short,1753.54,1754.5461081888984,1744.4850262999146,1754.6261081888983,-763.3098268265372,234932.1378540592,-1.0795143115647592,2.25621859065208,4.731101538107475,2.25621859065208,stop_loss,2,30,0.68,down,ny,False,False,no_sweep,2021-10-04 15:00:00,35.71064274842598,0.68,-1.7900671264086792,Strong Trend,2021,True
2021-10-04 15:45:00,2021-10-04 17:15:00,short,1757.45,1758.605715995266,1747.0485560426066,1758.6857159952658,-753.583237761105,234178.5546162981,-1.0692211584226845,7.744117098544937,4.421501494252922,7.744117098544937,stop_loss,6,90,0.76,down,ny,False,False,no_sweep,2021-10-04 15:45:00,30.92476659699121,0.76,-1.1859553634370674,Strong Trend,2021,True
2021-10-15 14:00:00,2021-10-15 14:30:00,long,1781.11,1780.2323677959323,1789.0086898366058,1780.1523677959326,-774.4910481615578,235822.3578400116,-1.0911543578610363,2.256070357062732,2.8941508620905068,2.256070357062732,stop_loss,2,30,0.7,up,ny,True,False,prev_day_sweep,2021-10-15 14:00:00,50.90634922107615,0.7,-2.463848587273086,Strong Trend,2021,True
2021-11-02 14:00:00,2021-11-02 14:30:00,long,1790.12,1789.255752288901,1797.8982293998902,1789.175752288901,-779.6520488837796,237086.07279615436,-1.0925660536586317,5.0679914378148005,2.1637315042723486,5.0679914378148005,stop_loss,2,30,0.63,up,ny,False,False,no_sweep,2021-11-02 14:00:00,25.10043591994508,0.63,0.0932017188250364,Strong Trend,2021,True
2021-11-04 15:00:00,2021-11-04 15:30:00,short,1792.56,1793.8897667003191,1780.5920996971254,1793.9697667003193,-746.6993904347286,234028.7861145985,-1.0601609289664962,1.308500205022489,1.7296267077883043,1.308500205022489,stop_loss,2,30,0.71,down,ny,True,False,prev_day_sweep,2021-11-04 15:00:00,39.605469571782166,0.71,1.149727418023376,Strong Trend,2021,True
2021-12-10 16:00:00,2021-12-10 18:15:00,short,1784.15,1785.501259663717,1771.9886630265464,1785.581259663717,-768.1244983187391,240961.9816459635,-1.0592040169243766,3.937067125474751,1.309888874453012,3.937067125474751,stop_loss,9,135,0.9,down,ny,False,False,no_sweep,2021-12-10 16:00:00,34.5506816341708,0.9,-0.1078525176589328,Strong Trend,2021,True
2021-12-16 15:15:00,2021-12-16 16:00:00,short,1788.92,1789.9192078033475,1779.9271297698724,1789.9992078033474,-767.773335906961,236185.3899198385,-1.080063425977981,3.212544967369458,2.0916570036765822,3.212544967369458,stop_loss,3,45,0.55,down,ny,True,False,prev_day_sweep,2021-12-16 15:15:00,28.318486738187843,0.55,1.0382404554940945,Strong Trend,2021,True
2022-02-02 14:30:00,2022-02-02 15:15:00,short,1804.46,1805.1806890892271,1797.9737981969563,1805.260689089227,-797.6818851117051,238529.7670206354,-1.1110048718591286,2.414355962938257,5.009094842647599,2.414355962938257,stop_loss,3,45,0.51,down,ny,False,False,no_sweep,2022-02-02 14:30:00,31.303667793700537,0.51,0.9286100425576485,Strong Trend,2022,True
2022-02-15 14:45:00,2022-02-15 15:15:00,long,1849.16,1847.5719510425747,1863.4524406168252,1847.4919510425748,-753.9622329594674,238513.3831407049,-1.0503762806718748,2.1724771039766058,2.6888339808636093,2.1724771039766058,stop_loss,2,30,0.81,up,ny,True,False,prev_day_sweep,2022-02-15 14:45:00,58.45144322534762,0.81,-2.4449342547436657,Strong Trend,2022,True
2022-02-17 13:30:00,2022-02-17 14:00:00,long,1884.28,1882.7635154208265,1897.9283612125607,1882.6835154208263,-773.4797237674474,244133.37973866725,-1.05275358622079,1.5100714055714617,1.015506534751106,0.2307969397162559,stop_loss,2,30,0.88,up,ny,False,False,no_sweep,2022-02-17 13:30:00,33.64037950189133,0.88,2.187754399836612,Strong Trend,2022,True
2022-03-01 15:00:00,2022-03-01 15:30:00,long,1916.41,1914.6951710490896,1931.843460558192,1914.6151710490897,-759.3514347005658,241075.73141621705,-1.0466518832432017,3.2831262832433588,1.7144567091891156,3.2831262832433588,stop_loss,2,30,0.68,up,ny,False,False,no_sweep,2022-03-01 15:00:00,49.6844342559392,0.68,1.6289927999716711,Strong Trend,2022,True
