entry_time,exit_time,direction,entry_price,exit_price,stop_price,take_profit,size_oz,pnl,r_multiple,exit_reason,bars_held
2012-05-17 15:00:00,2012-05-17 16:30:00,short,1557.0249999999999,1551.215,1560.6534738389178,1548.567,13.779898166473002,80.06120834720738,1.6012241669441476,time_stop,6
2012-05-18 08:15:00,2012-05-18 09:45:00,long,1569.515,1571.875,1567.4323815052512,1574.6375,24.200450619647995,57.113063462366846,1.1331888226050062,time_stop,6
2012-05-22 10:45:00,2012-05-22 11:30:00,long,1582.185,1579.918376451257,1580.043376451257,1588.9699999999998,23.66703120574064,-53.64425025976546,-1.0583669338494954,stop_loss,3
2012-05-24 13:30:00,2012-05-24 15:00:00,short,1567.195,1566.245,1570.6224581760696,1557.759,14.709924240582332,13.974428028553884,0.2771733311387723,time_stop,6
2012-05-25 10:00:00,2012-05-25 10:15:00,short,1561.075,1563.536937741478,1563.411937741478,1554.5555,21.604136623667067,-53.1880393258502,-1.0534888019399913,stop_loss,1
2012-06-12 16:00:00,2012-06-12 16:15:00,short,1599.915,1603.701085361915,1603.576085361915,1590.3205,13.717675794642986,-51.93629152559293,-1.0341428804966781,stop_loss,1
2012-06-29 14:00:00,2012-06-29 14:15:00,short,1577.345,1580.7319619642653,1580.6069619642653,1569.8535,15.316518445330027,-51.87646539930085,-1.0383204958762153,stop_loss,1
2012-07-06 12:00:00,2012-07-06 13:30:00,long,1594.025,1591.805,1590.9564274029353,1602.539,16.197276321303598,-35.95795343329443,-0.7234634116603815,time_stop,6
2012-08-01 15:30:00,2012-08-01 15:45:00,long,1608.4650000000001,1606.011091100574,1606.136091100574,1614.4285,21.26434765725499,-52.18077195662849,-1.0536732029452949,stop_loss,1
2012-08-10 10:30:00,2012-08-10 12:00:00,long,1608.075,1610.105,1606.2814575707343,1612.6555,27.46621648636266,55.75641946731545,1.1318382921284347,time_stop,6
2012-08-17 14:30:00,2012-08-17 15:30:00,long,1613.695,1617.1129999999998,1612.0461644437107,1617.1879999999999,30.045814179625438,102.69659286595652,2.072978100795128,take_profit,4
2012-09-05 11:15:00,2012-09-05 11:30:00,long,1689.685,1688.061611634494,1688.186611634494,1691.97,33.40528454013688,-54.22975026887195,-1.0834229648852067,stop_loss,1
2012-09-07 15:30:00,2012-09-07 15:45:00,long,1690.295,1695.3670000000002,1687.7972594060498,1695.4420000000002,19.931189440003482,101.09099283969998,2.0306352117929407,take_profit,1
2012-09-13 10:15:00,2012-09-13 11:45:00,long,1729.145,1729.955,1727.7544873919946,1731.2375,36.16536493426454,29.2939455967523,0.5825189900017332,time_stop,6
2012-09-26 14:45:00,2012-09-26 15:00:00,long,1758.845,1756.8892879390223,1757.0142879390223,1762.989,27.54931631097557,-53.87853018106468,-1.0682794430999942,stop_loss,1
2012-09-26 15:15:00,2012-09-26 15:30:00,long,1755.345,1752.9395390902794,1753.0645390902794,1762.471,21.997953473989753,-52.91521717553613,-1.0548134806727782,stop_loss,1
2012-09-27 15:15:00,2012-09-27 15:30:00,short,1761.875,1764.1467530811137,1764.0217530811137,1756.4834999999998,23.244823703488663,-52.806499868345824,-1.0582274697074852,stop_loss,1
2012-09-28 15:30:00,2012-09-28 16:45:00,long,1773.9950000000001,1771.2481783951205,1771.3731783951205,1779.5915,18.93220511787897,-52.00339004580288,-1.047676775478299,stop_loss,5
2012-10-02 10:00:00,2012-10-02 10:30:00,long,1775.815,1777.6239999999998,1774.196585110632,1777.6989999999998,30.509387784438168,55.19148250204076,1.1177603542105878,take_profit,2
2012-10-05 15:30:00,2012-10-05 15:45:00,long,1784.4850000000001,1782.1490427698195,1782.2740427698195,1789.6195,22.457605326129766,-52.460005534115425,-1.0565365979466679,stop_loss,1
2012-10-15 10:30:00,2012-10-15 12:00:00,short,1748.5249999999999,1745.815,1750.3608040551,1744.5445,26.9040177264359,72.90988803863615,1.476192403252916,time_stop,6
2012-10-25 09:15:00,2012-10-25 10:45:00,short,1713.385,1715.176377326366,1715.051377326366,1707.8229999999999,29.858216079652973,-53.48733129082842,-1.0750130225743013,stop_loss,6
2012-10-31 09:45:00,2012-10-31 10:00:00,short,1714.235,1715.5515533746236,1715.4265533746236,1711.9414999999997,41.53201919305192,-54.67912002354915,-1.1049050782466834,stop_loss,1
2012-10-31 10:15:00,2012-10-31 11:30:00,short,1717.235,1718.898084287303,1718.773084287303,1712.357,31.997090426425792,-53.213858327603134,-1.0812699284635316,stop_loss,5
2012-11-15 13:45:00,2012-11-15 14:30:00,long,1720.275,1718.487886345833,1718.612886345833,1724.25,29.449341571765032,-52.629320429132534,-1.0752054468035988,stop_loss,3
2012-11-19 15:30:00,2012-11-19 15:45:00,short,1728.405,1730.2389640670594,1730.1139640670594,1723.6945,28.48802211171482,-52.246008894480596,-1.0731437263131467,stop_loss,1
2012-11-27 10:30:00,2012-11-27 11:15:00,long,1748.525,1749.7210000000002,1747.434091144853,1749.7960000000003,44.38847100522979,53.088611322261045,1.0963335702678019,take_profit,3
2012-11-28 14:15:00,2012-11-28 15:15:00,long,1734.285,1732.247629154785,1732.372629154785,1739.6005,25.46013460960302,-51.87173596885552,-1.065363891272848,stop_loss,4
2012-12-11 14:00:00,2012-12-11 14:15:00,short,1711.865,1713.1941860479894,1713.0691860479894,1709.6305,40.21792192632696,-53.45710070360173,-1.1038045576169124,stop_loss,1
2012-12-17 15:45:00,2012-12-17 17:15:00,short,1696.555,1697.905,1698.409065759834,1691.1155000000003,25.976735023469086,-35.06859228168091,-0.7281295136591218,time_stop,6
2013-01-02 14:30:00,2013-01-02 14:45:00,short,1686.615,1688.8790668014742,1688.7540668014742,1682.534,22.433722950967518,-50.79144736675539,-1.0584366976823036,stop_loss,1
2013-01-17 15:45:00,2013-01-17 16:00:00,long,1674.055,1671.6122333211722,1671.7372333211722,1681.4885,20.594512466280776,-50.30758881933577,-1.0539312266164835,stop_loss,1
2013-01-21 16:00:00,2013-01-21 17:00:00,long,1686.105,1688.6115000000002,1684.598468353916,1688.6865000000003,31.51725152297463,78.99799094234181,1.663755292837867,take_profit,4
2013-01-24 07:45:00,2013-01-24 09:15:00,long,1679.2250000000001,1679.005,1677.8695655559889,1682.3944999999999,35.32205263279208,-7.770851579215221,-0.16230958344909555,time_stop,6
2013-02-01 15:45:00,2013-02-01 16:00:00,short,1671.385,1674.1026924932603,1673.9776924932603,1665.3505,18.451039850705037,-50.14425249510775,-1.0482124279392704,stop_loss,1
2013-02-06 10:15:00,2013-02-06 11:45:00,long,1670.785,1670.845,1669.4924196843526,1672.7720000000002,36.81562427898927,2.208937456737347,0.046418778990836886,time_stop,6
2013-02-13 15:45:00,2013-02-13 16:30:00,short,1651.605,1647.2994999999999,1653.6692810393138,1647.2244999999998,23.05800180890157,99.27622678822952,2.0857140660612163,take_profit,3
2013-02-25 10:30:00,2013-02-25 12:00:00,short,1592.345,1591.415,1594.1826559679093,1585.365,26.171698028568287,24.33967916657017,0.5060794927018452,time_stop,6
2013-02-28 08:30:00,2013-02-28 10:00:00,short,1602.155,1600.875,1603.845773396369,1598.476,28.517290118178447,36.502131351267636,0.7570500001649219,time_stop,6
2013-03-06 15:30:00,2013-03-06 16:00:00,short,1578.405,1575.5705,1580.2702383479836,1575.4955,25.947775616680413,73.54896998547893,1.5196449306674555,take_profit,2
2013-03-22 13:45:00,2013-03-22 14:15:00,long,1608.595,1607.1616886512888,1607.2866886512888,1612.328,37.27440797870881,-53.42583197237411,-1.0955430067339376,stop_loss,2
2013-03-22 14:30:00,2013-03-22 16:00:00,long,1605.555,1611.5384999999999,1603.9719096089218,1611.6135,30.635901833843,183.30991862279413,3.779632567868978,take_profit,6
2013-03-26 11:30:00,2013-03-26 12:00:00,long,1597.895,1596.2398038707845,1596.3648038707845,1601.431,32.2938677368258,-53.45268487539084,-1.0816888747876303,stop_loss,2
2013-04-03 11:30:00,2013-04-03 12:15:00,short,1571.325,1567.6470000000002,1573.4049602555574,1567.5720000000001,23.62962842803966,86.90977335832712,1.7683030193354894,take_profit,3
2013-04-19 09:00:00,2013-04-19 09:15:00,short,1412.745,1417.0622027249551,1416.9372027249551,1396.9195,11.827490248871946,-51.0616731318113,-1.029817260328539,stop_loss,1
2013-04-22 13:15:00,2013-04-22 14:15:00,short,1433.655,1437.7605306629503,1437.6355306629503,1423.076,12.392299585624194,-50.87696593324626,-1.0314028481587811,stop_loss,4
2013-04-25 15:30:00,2013-04-25 16:30:00,short,1452.965,1446.2075,1456.062563506535,1446.1325,15.842627133178391,107.05655285245197,2.181553335627551,take_profit,4
2013-04-26 10:30:00,2013-04-26 10:45:00,long,1467.325,1463.335930893275,1463.460930893275,1474.3,12.838493580070638,-51.21363811714809,-1.03234931792044,stop_loss,1
2013-05-01 14:45:00,2013-05-01 15:45:00,long,1464.355,1461.6362051115582,1461.7612051115582,1470.8515,19.027240144921834,-51.73116324716875,-1.048191937056014,stop_loss,4
2013-05-09 15:00:00,2013-05-09 15:15:00,long,1466.675,1464.230674138226,1464.355674138226,1470.539,21.16740179634298,-51.740027637360555,-1.0538949709741932,stop_loss,1
2013-05-10 10:45:00,2013-05-10 11:30:00,long,1455.385,1453.0798441799116,1453.2048441799116,1460.0384999999999,22.399959592177247,-51.63539722365304,-1.0573353513763661,stop_loss,3
2013-05-10 12:00:00,2013-05-10 13:30:00,long,1446.945,1447.295,1443.9839259034404,1458.1955,16.405271771130185,5.741845119897802,0.11820035182733288,time_stop,6
2013-05-22 14:45:00,2013-05-22 16:15:00,short,1395.2749999999999,1387.945,1399.328402229384,1386.8139999999999,11.991391863791758,87.89690236159271,1.808357420554747,time_stop,6
2013-05-30 08:45:00,2013-05-30 09:00:00,short,1404.945,1407.741151388218,1407.616151388218,1395.2525,18.361152887945718,-51.340563136913275,-1.0467962993604,stop_loss,1
2013-05-31 10:15:00,2013-05-31 10:30:00,long,1414.7450000000001,1412.539659537335,1412.664659537335,1418.4724999999999,23.452274801082975,-51.720250560370864,-1.0600863186787515,stop_loss,1
2013-06-05 10:15:00,2013-06-05 11:45:00,long,1399.835,1399.825,1397.622234654621,1405.4270000000001,21.931884941519268,-0.21931884941499322,-0.0045192320192804095,time_stop,6
2013-06-06 10:15:00,2013-06-06 11:00:00,long,1392.325,1397.9844999999998,1390.134981409098,1398.0594999999998,22.159181006402395,125.40988490572887,2.5842246378686915,take_profit,3
2013-06-07 15:45:00,2013-06-07 16:00:00,long,1406.165,1402.9676993421199,1403.0926993421199,1410.623,15.999758246848616,-51.15603756857128,-1.0406861221994632,stop_loss,1
2013-06-19 14:45:00,2013-06-19 15:00:00,short,1371.375,1373.2286365792193,1373.1036365792193,1368.48,28.288356377347007,-52.436332147040716,-1.0723113241398934,stop_loss,1
2013-07-02 10:15:00,2013-07-02 11:45:00,short,1266.345,1262.925,1269.535349289396,1258.588,15.245385858156634,52.1392196348968,1.0719829365917486,time_stop,6
2013-07-08 10:30:00,2013-07-08 11:15:00,short,1224.995,1228.328082476889,1228.203082476889,1220.6915000000001,15.242376837122057,-50.80409914195189,-1.0389640855247628,stop_loss,3
2013-07-10 10:15:00,2013-07-10 11:00:00,short,1253.325,1256.2976683788427,1256.1726683788427,1246.8135,17.08231966299829,-50.78007149947666,-1.043895560637859,stop_loss,3
2013-07-23 08:45:00,2013-07-23 10:15:00,long,1331.185,1335.335,1329.232509243779,1335.41,24.784179402604273,102.85434452080999,2.1254902164211003,take_profit,6
2013-07-24 15:30:00,2013-07-24 17:00:00,long,1335.165,1332.454301060693,1332.579301060693,1341.297,18.913707301058697,-51.269366319340875,-1.0483428283547607,stop_loss,6
2013-07-25 12:30:00,2013-07-25 14:00:00,long,1311.535,1314.215,1308.7421698870528,1320.5805,17.419178434656928,46.68339820487771,0.959600080067749,time_stop,6
2013-08-07 09:15:00,2013-08-07 10:45:00,short,1282.985,1278.595,1285.220500299352,1278.52,21.866346016730873,95.99325901344575,1.9637662322265843,take_profit,6
2013-08-15 15:30:00,2013-08-15 15:45:00,long,1332.815,1330.1079505044208,1330.2329505044208,1338.0445,19.1174450550687,-51.75186999308704,-1.048411155639741,stop_loss,1
2013-08-30 10:15:00,2013-08-30 10:30:00,long,1397.655,1394.7153350535334,1394.8403350535334,1408.1039999999998,17.445568458469914,-51.28412606854674,-1.0444102592590712,stop_loss,1
2013-09-04 08:45:00,2013-09-04 09:00:00,long,1409.345,1407.266660145834,1407.391660145834,1412.5645,25.00691790868723,-51.972874119481176,-1.0639929604330798,stop_loss,1
2013-09-04 16:00:00,2013-09-04 17:00:00,long,1394.015,1390.9265639749894,1391.0515639749894,1403.4105,16.395543754018863,-50.63658797955023,-1.0421807654847386,stop_loss,4
2013-09-05 08:45:00,2013-09-05 10:15:00,long,1383.415,1388.155,1381.304052366985,1391.9485,22.896807724863145,108.53086861585152,2.2454370377866497,time_stop,6
2013-09-19 10:15:00,2013-09-19 11:45:00,short,1371.965,1366.965,1375.5467131043156,1362.6515,13.64615618000981,68.23078090004904,1.3959800392654045,time_stop,6
2013-09-26 10:30:00,2013-09-26 12:00:00,short,1336.985,1335.745,1339.4840151078245,1331.8674999999998,19.6948670553755,24.4216351486658,0.49619547961814914,time_stop,6
2013-09-27 14:15:00,2013-09-27 14:45:00,short,1333.7749999999999,1336.4241503098608,1336.2991503098608,1325.1979999999999,19.547123759219044,-51.783268963625325,-1.0495216150605888,stop_loss,2
2013-09-30 10:15:00,2013-09-30 11:45:00,short,1342.365,1339.585,1344.2421194239303,1339.21,26.14695768591039,72.68854236683018,1.4809926127019117,time_stop,6
2013-10-01 09:30:00,2013-10-01 09:45:00,short,1333.845,1336.005117983407,1335.880117983407,1329.0130000000001,24.295596257257174,-52.481354392896115,-1.0614215003843361,stop_loss,1
2013-10-10 08:45:00,2013-10-10 10:00:00,short,1306.705,1303.855,1308.5743802087989,1303.78,26.30925365384806,74.98137291346458,1.524569473125547,take_profit,5
2013-10-14 14:00:00,2013-10-14 15:00:00,short,1283.5349999999999,1286.017363724735,1285.892363724735,1276.749,21.02217168837932,-52.18467641438922,-1.0530253344820761,stop_loss,4
2013-10-16 10:00:00,2013-10-16 11:00:00,short,1286.7949999999998,1281.0020000000002,1289.0682218185605,1280.9270000000001,21.68551312008948,125.62417750467111,2.548365475247702,take_profit,4
2013-10-25 14:15:00,2013-10-25 15:15:00,long,1336.925,1342.2069999999999,1334.9074267215078,1342.282,24.744629100215256,130.70113090733514,2.6179966082557886,take_profit,4
2013-10-29 09:45:00,2013-10-29 10:00:00,long,1345.525,1343.0272612199244,1343.1522612199244,1354.158,21.316129924642073,-53.242124353910164,-1.0526817368391532,stop_loss,1
2013-10-31 14:00:00,2013-10-31 14:15:00,long,1329.345,1326.8420335528535,1326.9670335528535,1334.754,21.15732017662947,-52.95606251363903,-1.0525659225133295,stop_loss,1
2013-11-04 14:00:00,2013-11-04 14:45:00,short,1317.585,1319.4809575004151,1319.3559575004151,1314.4415000000001,28.259637606922904,-53.57907187985752,-1.070583286143627,stop_loss,3
2013-11-05 15:00:00,2013-11-05 16:30:00,short,1316.445,1314.435,1318.4419459977278,1312.2984999999999,24.92742511626859,50.10412448369964,1.006536983116724,time_stop,6
2013-11-06 11:00:00,2013-11-06 12:30:00,short,1319.495,1317.945,1321.4649975952038,1313.8089999999997,25.395585539703134,39.363157586538705,0.7868029909140506,time_stop,6
2013-11-15 15:45:00,2013-11-15 17:15:00,short,1287.975,1286.315,1290.0133363566056,1283.0175000000002,24.640711562238334,40.90358119331205,0.8143896342820293,time_stop,6
2013-11-27 10:45:00,2013-11-27 11:45:00,short,1248.0249999999999,1249.5168432993996,1249.3918432993996,1245.9065,36.89565304088392,-55.042532766021104,-1.091451595113275,stop_loss,4
2013-11-27 12:00:00,2013-11-27 13:00:00,short,1251.705,1253.5519060309023,1253.4269060309023,1246.676,29.12781683318522,-53.796340576228665,-1.0725939730488634,stop_loss,4
2013-11-29 09:45:00,2013-11-29 10:00:00,short,1244.085,1245.3935435689996,1245.2685435689996,1242.132,42.15001718218857,-55.155133916972936,-1.1056150388326336,stop_loss,1
2013-11-29 10:15:00,2013-11-29 11:45:00,short,1248.355,1247.295,1250.0198309344944,1242.5529999999999,29.79918565405664,31.587136793298413,0.6367012878228847,time_stop,6
2013-12-04 15:00:00,2013-12-04 15:15:00,short,1220.915,1223.2546060642997,1223.1296060642997,1214.6009999999999,22.472864400522184,-52.577649833646255,-1.0564434469926949,stop_loss,1
2013-12-12 11:15:00,2013-12-12 11:30:00,long,1250.895,1248.968530181381,1249.093530181381,1254.3215,27.48070104908358,-52.940741165548204,-1.069387784745587,stop_loss,1
2013-12-17 08:00:00,2013-12-17 09:00:00,short,1246.425,1247.967254197725,1247.842254197725,1241.6575,34.74390826121869,-53.58393836123735,-1.0881987156578197,stop_loss,4
2013-12-26 09:15:00,2013-12-26 10:45:00,short,1206.0049999999999,1205.915,1207.6128466629532,1201.5075000000002,30.458769026409986,2.7412892123744057,0.05597548701230338,time_stop,6
2013-12-26 15:30:00,2013-12-26 15:45:00,short,1208.7749999999999,1210.4143265234352,1210.2893265234352,1206.002,32.34885992204093,-53.03034407309582,-1.0825449452714009,stop_loss,1
2013-12-31 08:15:00,2013-12-31 09:45:00,short,1201.365,1199.395,1202.887644745035,1198.2720000000002,31.997998890644357,63.036057814570256,1.2938014638173205,time_stop,6
2014-01-07 14:45:00,2014-01-07 15:00:00,long,1236.275,1238.78,1234.4044468064735,1238.855,26.215113968022745,65.66886048989387,1.339176030208035,take_profit,1
2014-01-30 09:30:00,2014-01-30 09:45:00,long,1258.2250000000001,1256.5504656047406,1256.6754656047406,1262.372,31.85802755009394,-53.34736289775929,-1.0806693935819738,stop_loss,1
2014-01-30 15:30:00,2014-01-30 15:45:00,long,1243.595,1240.8061396567382,1240.9311396567382,1254.64,18.43128629610853,-51.402283426522324,-1.046924381871664,stop_loss,1
2014-02-04 08:00:00,2014-02-04 08:15:00,short,1258.645,1259.9583790431902,1259.8333790431902,1256.969,41.09914383146601,-53.9787542013094,-1.1051852948066405,stop_loss,1
2014-02-20 14:45:00,2014-02-20 15:00:00,long,1310.915,1309.2285052022246,1309.3535052022246,1313.731,31.10575041336575,-52.45968625304032,-1.0800514994850352,stop_loss,1
2014-03-04 08:15:00,2014-03-04 08:30:00,long,1343.365,1341.2685036048263,1341.3935036048263,1349.893,24.50380793917049,-51.37214501250071,-1.0634036158047269,stop_loss,1
2014-03-04 14:00:00,2014-03-04 15:15:00,long,1333.9850000000001,1331.626362743999,1331.751362743999,1338.6455,21.51303134201305,-50.74143721279353,-1.0559625336048446,stop_loss,5
2014-03-05 09:00:00,2014-03-05 09:30:00,long,1334.795,1333.242883484421,1333.367883484421,1336.8314999999998,33.493131490799335,-51.98524254532784,-1.0875892042699038,stop_loss,2
2014-03-10 08:30:00,2014-03-10 09:00:00,long,1329.755,1333.0199999999998,1327.7566248186483,1333.0949999999998,23.788663580226387,77.66998658943072,1.633827336562035,take_profit,2
2014-03-18 14:30:00,2014-03-18 14:45:00,long,1353.115,1350.536116867719,1350.661116867719,1360.5495,19.531095103396314,-50.36841171712298,-1.050939671231943,stop_loss,1
2014-03-19 11:00:00,2014-03-19 12:00:00,long,1347.785,1345.3662030791293,1345.4912030791293,1353.7150000000001,20.78439566154505,-50.273232228305964,-1.0544947980628316,stop_loss,4
2014-04-02 15:00:00,2014-04-02 15:30:00,short,1291.145,1292.8801282236138,1292.7551282236138,1283.9285,29.45344098312295,-51.105496732361665,-1.0776335686604162,stop_loss,2
2014-04-08 08:45:00,2014-04-08 09:00:00,short,1303.715,1305.0845356252662,1304.9595356252662,1300.2954999999997,37.9003125087057,-51.905828189397695,-1.1004390693703565,stop_loss,1
2014-04-09 14:15:00,2014-04-09 14:30:00,long,1305.695,1304.099647706932,1304.224647706932,1309.818,31.903075341887877,-50.89664440259848,-1.0850136396490309,stop_loss,1
2014-04-11 10:00:00,2014-04-11 11:30:00,long,1315.9650000000001,1314.5439205807456,1314.6689205807456,1319.7220000000002,35.99646446796021,-51.15383482134453,-1.0964447071244279,stop_loss,6
2014-04-15 09:30:00,2014-04-15 09:45:00,long,1315.2450000000001,1313.4666921519135,1313.5916921519135,1320.5300000000002,28.06404605315421,-49.906513345387054,-1.0756060041356887,stop_loss,1
2014-04-17 14:30:00,2014-04-17 14:45:00,short,1301.2649999999999,1302.9605049508684,1302.8355049508684,1298.5634999999997,29.38480072698502,-49.82207511288897,-1.0795922355614798,stop_loss,1
2014-04-29 10:45:00,2014-04-29 11:45:00,long,1289.765,1288.098233054018,1288.223233054018,1294.1185,29.77094869368447,-49.62123323316195,-1.081075807420671,stop_loss,4
2014-05-07 15:15:00,2014-05-07 15:30:00,long,1304.685,1302.899966854563,1303.024966854563,1311.0030000000002,27.500510219191494,-49.08932225768452,-1.0752997013002998,stop_loss,1
2014-05-12 12:45:00,2014-05-12 13:00:00,short,1294.475,1296.3681661257708,1296.2431661257708,1290.2565,25.679890145616515,-48.61629813719923,-1.070694714811088,stop_loss,1
2014-05-14 10:45:00,2014-05-14 11:45:00,short,1300.5249999999999,1302.2539745398567,1302.1289745398567,1294.9545,28.15707435252822,-48.682864672377185,-1.0779314115616554,stop_loss,4
2014-05-16 15:45:00,2014-05-16 17:15:00,long,1288.155,1293.4765,1286.2909569479455,1293.5515,24.098057180299307,128.2378112849631,2.854816037716918,take_profit,6
2014-05-19 11:00:00,2014-05-19 12:30:00,short,1300.7749999999999,1301.135,1302.1079832043747,1296.0565000000001,34.1797293183014,-12.304702554592856,-0.27007091973748054,time_stop,6
2014-06-04 15:30:00,2014-06-04 17:00:00,short,1248.725,1245.8690000000001,1249.8438671704698,1245.794,40.665668632936885,116.14114961565828,2.552581821486709,take_profit,6
2014-06-26 10:30:00,2014-06-26 10:45:00,long,1312.515,1311.0936232907045,1311.2186232907045,1316.245,35.545368114271014,-50.52335836096329,-1.0964225900571138,stop_loss,1
2014-07-01 10:00:00,2014-07-01 11:30:00,long,1324.845,1325.095,1323.4466612819358,1327.029,32.77286823489773,8.193217058724432,0.1787835785210074,time_stop,6
2014-07-02 15:30:00,2014-07-02 15:45:00,long,1322.375,1326.425,1320.6173469153177,1326.5,26.096467522463403,105.6906934659756,2.3042089677964483,take_profit,1
2014-07-07 08:45:00,2014-07-07 09:00:00,long,1313.9650000000001,1312.9210216665938,1313.0460216665938,1316.4234999999999,50.48757780340627,-52.70793733292389,-1.1360206170875269,stop_loss,1
2014-07-21 14:45:00,2014-07-21 15:00:00,short,1316.345,1317.773496340183,1317.648496340183,1314.0645,35.39208281501898,-50.55746077271087,-1.0958959347614616,stop_loss,1
2014-08-07 10:30:00,2014-08-07 12:00:00,long,1303.045,1303.745,1301.7466856255612,1306.1354999999999,35.338639100256344,24.737047370173013,0.53916063303417,time_stop,6
2014-08-15 15:15:00,2014-08-15 15:30:00,long,1306.2450000000001,1304.5771339992289,1304.7021339992289,1312.4095,29.81746200306698,-49.73153110420418,-1.0810180533743787,stop_loss,1
2014-08-28 09:30:00,2014-08-28 10:15:00,short,1288.2949999999998,1289.3459762262205,1289.2209762262205,1286.0595,49.413461601547056,-51.93237339849317,-1.1349926666154095,stop_loss,3
2014-09-05 15:45:00,2014-09-05 16:45:00,short,1268.715,1264.8860000000002,1270.9964189595592,1264.8110000000001,19.941987700539272,76.35787090535936,1.678341447964245,take_profit,4
2014-09-15 14:45:00,2014-09-15 15:00:00,short,1237.885,1235.2575,1239.0797646884882,1235.1825,38.3990409390856,100.89348006744952,2.1991778174534637,take_profit,1
2014-09-16 11:45:00,2014-09-16 13:15:00,short,1239.7949999999998,1241.109706801595,1240.984706801595,1236.4145,38.98631622848969,-51.25557511473257,-1.1050679039847522,stop_loss,6
2014-09-29 14:30:00,2014-09-29 15:30:00,short,1222.5349999999999,1219.5220000000002,1223.8989856007968,1219.4470000000001,33.81707818883726,101.89085658295626,2.2089676007131716,take_profit,4
2014-10-06 09:45:00,2014-10-06 10:15:00,short,1192.865,1194.5693184795289,1194.4443184795289,1188.6264999999999,29.528852222019562,-50.32656852126494,-1.0791480639403963,stop_loss,2
2014-10-06 15:15:00,2014-10-06 16:45:00,short,1197.315,1196.155,1199.1078952616574,1194.1154999999999,25.87090843668638,30.01025378655832,0.6469981960506603,time_stop,6
2014-10-07 10:15:00,2014-10-07 10:30:00,short,1208.895,1210.7163304891656,1210.5913304891656,1205.1785,27.43208397010477,-49.962890916102054,-1.073688470966225,stop_loss,1
2014-10-07 10:45:00,2014-10-07 12:15:00,short,1211.5249999999999,1207.365,1213.451611493209,1205.8129999999999,24.02355956475961,99.93800778939648,2.1592313835264934,time_stop,6
2014-10-10 11:00:00,2014-10-10 11:45:00,long,1218.285,1221.765,1216.8643241314935,1221.8400000000001,32.93063325794699,114.5986037376561,2.4495383339327166,take_profit,3
2014-11-12 15:30:00,2014-11-12 16:15:00,short,1169.0449999999998,1164.0415,1171.0454035109983,1163.9665,23.673598232816744,118.45084875789392,2.501245359993591,take_profit,3
2014-11-24 10:00:00,2014-11-24 10:30:00,long,1197.425,1195.3954617848397,1195.5204617848397,1200.0404999999998,25.176183331478818,-51.096026183118035,-1.065632707710976,stop_loss,2
2014-12-01 08:45:00,2014-12-01 09:00:00,short,1154.825,1157.8578378230777,1157.7328378230777,1151.9195,16.40171358844508,-49.74373733432323,-1.0429872666927826,stop_loss,1
2014-12-01 09:15:00,2014-12-01 10:30:00,short,1156.705,1159.926554041327,1159.801554041327,1152.2939999999999,15.321807343223748,-49.36003036699894,-1.0403674530887324,stop_loss,5
2014-12-05 14:15:00,2014-12-05 14:45:00,long,1199.525,1203.35,1197.8217810611263,1203.425,27.711061226497556,105.99480919134811,2.2457476914442176,take_profit,2
2014-12-16 11:45:00,2014-12-16 13:15:00,short,1201.805,1201.195,1204.0935149906704,1197.4515,20.85543618363495,12.721816072019974,0.2665483960065486,time_stop,6
2014-12-18 12:15:00,2014-12-18 12:30:00,short,1206.075,1209.0028910875492,1208.8778910875492,1199.3084999999999,17.05081857653162,-49.92293974564427,-1.0445968095425713,stop_loss,1
2015-02-03 15:00:00,2015-02-03 15:15:00,long,1271.275,1268.481302623605,1268.606302623605,1280.7155,17.814673610189995,-49.76880692612335,-1.0468393310930029,stop_loss,1
2015-02-04 12:30:00,2015-02-04 14:00:00,short,1271.0349999999999,1265.635,1273.4958209217957,1264.473,19.21843571441412,103.77955285783362,2.194389665729537,time_stop,6
2015-02-12 10:30:00,2015-02-12 12:00:00,short,1229.0149999999999,1225.195,1230.789272856465,1221.9045,26.947392155772274,102.93903803504837,2.152994668255529,time_stop,6
2015-02-16 09:45:00,2015-02-16 11:15:00,short,1235.605,1234.205,1236.9425679179994,1232.8335000000002,36.13029364293131,50.58241110010712,1.046675821960538,time_stop,6
2015-02-19 11:45:00,2015-02-19 13:15:00,short,1219.655,1217.665,1221.4470688200574,1215.7105000000001,27.108129529660662,53.94517776402496,1.1104484257117961,time_stop,6
2015-03-12 08:00:00,2015-03-12 08:15:00,short,1158.665,1160.4039165599702,1160.2789165599702,1152.721,30.267586813723128,-52.632807940719445,-1.0774513398649967,stop_loss,1
2015-03-27 10:00:00,2015-03-27 10:15:00,long,1198.7150000000001,1196.6112397295517,1196.7362397295517,1202.442,24.55385640944234,-51.65542760048075,-1.0631708660552757,stop_loss,1
2015-03-30 10:00:00,2015-03-30 10:15:00,long,1190.895,1189.36648772649,1189.49148772649,1193.7710000000002,34.43355596060347,-52.632112906373486,-1.089062277800676,stop_loss,1
2015-04-07 11:30:00,2015-04-07 11:45:00,long,1210.115,1208.6601289050336,1208.7851289050336,1213.0949999999998,36.14241863643246,-52.58256017632025,-1.0939940724128296,stop_loss,1
2015-04-13 11:00:00,2015-04-13 11:15:00,long,1201.925,1200.4461236774623,1200.5711236774623,1204.185,35.30739422068257,-52.21526932346991,-1.0923274880571852,stop_loss,1
2015-04-13 11:30:00,2015-04-13 11:45:00,long,1200.185,1198.5546678647506,1198.6796678647506,1203.7905,31.58158095880506,-51.48846631911787,-1.083038152891951,stop_loss,1
2015-04-27 14:00:00,2015-04-27 14:30:00,short,1184.7749999999999,1186.2136967438416,1186.0886967438416,1182.3785000000003,35.992573315966595,-51.78239803216747,-1.0951513357903668,stop_loss,2
2015-04-30 15:45:00,2015-04-30 16:00:00,long,1198.265,1195.6519697381698,1195.7769697381698,1203.901,18.90025820783921,-49.3869466534907,-1.0502405464747218,stop_loss,1
2015-05-05 14:30:00,2015-05-05 15:15:00,short,1192.835,1194.5101357070318,1194.3851357070318,1188.5255,30.176377095275395,-50.54952678115277,-1.0806381011887978,stop_loss,3
2015-05-06 15:30:00,2015-05-06 17:00:00,short,1195.465,1193.915,1197.6565055258664,1191.1915000000001,21.22957549556878,32.90584201813065,0.7072763366120867,time_stop,6
2015-05-07 14:45:00,2015-05-07 15:30:00,short,1186.145,1183.427,1187.943369206665,1183.3519999999999,25.961999931599557,70.56471581408954,1.5113692949850088,take_profit,3
2015-05-08 15:30:00,2015-05-08 15:45:00,short,1191.5049999999999,1186.764,1193.71363022259,1186.6889999999999,21.299212660566038,100.97956722374327,2.146579337504604,take_profit,1
2015-05-11 15:15:00,2015-05-11 16:45:00,short,1191.2549999999999,1189.045,1192.8226074373176,1186.249,30.330924377963278,67.03134287529305,1.4097917293510849,time_stop,6
2015-05-12 13:00:00,2015-05-12 13:15:00,short,1187.735,1189.1989922942219,1189.0739922942219,1183.9355,35.7598318949376,-52.352118336861054,-1.0933537859324527,stop_loss,1
2015-05-15 13:15:00,2015-05-15 14:45:00,long,1213.335,1213.225,1211.3564954177941,1218.533,24.068874637235197,-2.6475762100989364,-0.05559754624246758,time_stop,6
2015-05-19 10:30:00,2015-05-19 12:00:00,long,1218.265,1221.5814999999998,1216.8115390065461,1221.6564999999998,32.754329900609505,108.62973511536087,2.281794981039305,take_profit,6
2015-05-20 09:00:00,2015-05-20 09:15:00,long,1206.575,1205.451380706495,1205.576380706495,1208.4035,48.21686288859255,-54.17739741390994,-1.1251728269351413,stop_loss,1
2015-05-21 16:00:00,2015-05-21 17:30:00,long,1202.765,1206.305,1200.8167027714992,1209.0810000000001,24.57499906346762,86.99549668467448,1.8169712240076301,time_stop,6
2015-06-09 11:45:00,2015-06-09 13:15:00,short,1180.7849999999999,1182.3947608812653,1182.2697608812653,1177.1265,32.540175767570936,-52.38190202013606,-1.0841886404587031,stop_loss,6
2015-06-11 07:30:00,2015-06-11 08:30:00,short,1187.7649999999999,1186.325,1188.5444704587399,1186.25,61.647583946627364,88.77252088313276,1.8474080497259637,take_profit,4
2015-06-15 10:00:00,2015-06-15 10:30:00,short,1183.635,1181.45,1184.7830548709653,1181.375,42.24217358420095,92.29914928147677,1.90321913634905,take_profit,2
2015-06-23 11:00:00,2015-06-23 11:30:00,long,1183.585,1182.210797400768,1182.335797400768,1186.0014999999999,39.19126402715229,-53.85673689330609,-1.1000638327816754,stop_loss,2
2015-06-29 15:30:00,2015-06-29 16:15:00,short,1182.635,1178.3785,1184.6159624997636,1178.3035,24.578226600077848,104.61722152323037,2.1487029666174857,take_profit,3
2015-07-14 15:45:00,2015-07-14 16:15:00,short,1157.465,1159.2019604133216,1159.0769604133216,1154.21,30.529056983263718,-53.027763435969646,-1.077545328636466,stop_loss,2
2015-07-23 10:45:00,2015-07-23 11:15:00,short,1102.825,1104.7257902169786,1104.6007902169786,1098.361,27.56321778772017,-52.39189471934686,-1.070391197566504,stop_loss,2
2015-07-27 09:30:00,2015-07-27 10:45:00,short,1102.985,1105.015208780482,1104.890208780482,1098.1945,25.55338476340942,-51.878706117711275,-1.0656096073462196,stop_loss,5
2015-07-29 08:45:00,2015-07-29 10:00:00,short,1098.5049999999999,1097.068,1099.4309685942608,1096.993,52.296740722993285,75.15041641893602,1.5518884861823075,take_profit,5
2015-07-31 15:45:00,2015-07-31 16:00:00,short,1090.675,1092.9735397794336,1092.8485397794336,1082.2975,22.45226521067245,-51.60742472512526,-1.0575098745294504,stop_loss,1
2015-08-07 09:45:00,2015-08-07 10:00:00,short,1092.2749999999999,1093.5939801403354,1093.4689801403354,1088.919,40.656333225547186,-53.624896103358985,-1.1046918585805592,stop_loss,1
2015-08-13 10:30:00,2015-08-13 10:45:00,long,1119.265,1117.5415301892037,1117.6665301892037,1121.532,30.200589115660723,-52.049803609106384,-1.0781997877943814,stop_loss,1
2015-09-03 12:30:00,2015-09-03 13:15:00,long,1130.4750000000001,1129.209543082005,1129.334543082005,1132.6485,42.10109140817834,-53.27711737762555,-1.1096051924694725,stop_loss,3
2015-09-10 15:30:00,2015-09-10 15:45:00,short,1109.2649999999999,1110.7024691048243,1110.5774691048243,1107.3809999999999,36.38035759409467,-52.295640063976954,-1.0952403371176638,stop_loss,1
2015-09-16 10:00:00,2015-09-16 10:15:00,short,1106.465,1107.4916656904068,1107.3666656904068,1105.0855,52.66543650226795,-54.06979672717873,-1.138632312762836,stop_loss,1
2015-09-16 15:30:00,2015-09-16 15:45:00,short,1109.995,1111.3073535843973,1111.1823535843973,1108.1375,39.765970980515156,-52.18701455332374,-1.1052761381635405,stop_loss,1
2015-09-21 14:45:00,2015-09-21 16:15:00,long,1130.785,1132.115,1129.333859542739,1137.4145,32.357538426443654,43.035526107167705,0.9165205155331377,time_stop,6
2015-09-25 11:15:00,2015-09-25 11:45:00,long,1143.025,1141.5184165666112,1141.6434165666112,1146.5715,34.14235405445229,-51.438304995335095,-1.0904758966987531,stop_loss,2
2015-09-28 09:45:00,2015-09-28 10:00:00,long,1142.105,1140.7798392883471,1140.9048392883471,1145.4344999999998,39.08919760332974,-51.799468913968106,-1.1041527178704669,stop_loss,1
2015-09-29 08:45:00,2015-09-29 09:00:00,long,1127.005,1125.5765320785576,1125.7015320785576,1131.9299999999998,35.79245879511389,-51.12837921837128,-1.095898025523843,stop_loss,1
2015-10-08 15:15:00,2015-10-08 15:30:00,long,1141.365,1139.908334134564,1140.033334134564,1144.136,34.84258414756281,-50.75400299133553,-1.093867390645382,stop_loss,1
2015-11-11 08:45:00,2015-11-11 09:00:00,short,1093.435,1092.2575000000002,1094.5181921133842,1092.1825000000001,42.60085481398241,50.16250654345499,1.0870647832921116,take_profit,1
2015-11-13 13:15:00,2015-11-13 13:30:00,short,1086.155,1087.6037357931339,1087.4787357931339,1083.6444999999999,35.04908058791003,-50.77685756413953,-1.0944297197736623,stop_loss,1
2015-11-16 08:00:00,2015-11-16 08:30:00,short,1095.125,1096.5394279006302,1096.4144279006302,1092.7115000000001,35.784736921139185,-50.61493031797248,-1.0969422175050678,stop_loss,2
2015-11-24 15:15:00,2015-11-24 15:30:00,short,1078.465,1080.4625107025863,1080.3375107025863,1074.4460000000001,24.506542733163865,-48.952081392885695,-1.0667552926812884,stop_loss,1
2015-11-30 15:15:00,2015-11-30 15:30:00,short,1058.845,1060.272949068662,1060.147949068662,1056.392,35.03130263652484,-50.02291597384139,-1.0959362134763755,stop_loss,1
2015-12-03 15:00:00,2015-12-03 15:15:00,short,1055.555,1057.3891249335197,1057.2641249335197,1051.1070000000002,26.559725198628612,-48.71385421423516,-1.0731368418706426,stop_loss,1
2015-12-04 15:30:00,2015-12-04 16:00:00,short,1067.855,1070.0770415312124,1069.9520415312124,1062.004,21.53048407545429,-47.8416298027672,-1.059607784652567,stop_loss,2
2015-12-09 11:45:00,2015-12-09 12:00:00,long,1074.775,1076.609,1073.4016342636296,1076.684,32.70149382276861,59.97453967095216,1.335405385055479,take_profit,1
2015-12-11 12:45:00,2015-12-11 14:15:00,long,1063.165,1064.485,1061.367150950998,1069.1535,25.14726354127043,33.19438787447537,0.7342106951263013,time_stop,6
2015-12-16 15:15:00,2015-12-16 15:30:00,short,1069.675,1071.482192161607,1071.357192161607,1064.976,26.974894318079006,-48.74881757180859,-1.074307800769081,stop_loss,1
2015-12-21 10:15:00,2015-12-21 10:30:00,short,1072.445,1074.0514318505882,1073.9264318505882,1069.4524999999999,30.465938528504058,-48.94145401025267,-1.0843778267291637,stop_loss,1
2015-12-24 12:45:00,2015-12-24 14:15:00,long,1071.685,1072.655,1070.9013458330242,1073.482,57.28101286996025,55.562582483863004,1.2377909043007613,time_stop,6
2015-12-30 10:30:00,2015-12-30 11:45:00,long,1068.2450000000001,1067.3931864648846,1067.5181864648846,1070.1575,62.142922709025555,-52.93418267518591,-1.1719835885831869,stop_loss,5
2016-01-07 10:15:00,2016-01-07 11:15:00,long,1094.765,1098.3385,1092.9538038103685,1098.4135,24.791155524855373,88.59119426806987,1.9730054758600586,take_profit,4
2016-01-14 15:00:00,2016-01-14 15:45:00,long,1085.555,1083.566677218933,1083.691677218933,1090.9255,24.33534482337653,-48.386520497444195,-1.0670844586188177,stop_loss,3
2016-01-15 15:45:00,2016-01-15 16:15:00,short,1092.935,1095.2124312780318,1095.0874312780318,1083.665,20.954290272754534,-47.72195607612924,-1.0580738633914946,stop_loss,2
2016-02-03 10:00:00,2016-02-03 11:30:00,long,1124.4950000000001,1126.765,1123.1683378410496,1127.231,33.817245565476185,76.76514743363032,1.7110610901841954,time_stop,6
2016-02-09 10:00:00,2016-02-09 10:15:00,long,1186.385,1191.9995,1184.3221126370968,1192.0745,21.93424932573277,123.1498428393246,2.7216706549107568,take_profit,1
2016-02-19 09:45:00,2016-02-19 10:15:00,long,1221.345,1226.157,1219.5209551794067,1226.232,25.1439188583641,120.99253754644549,2.638093069683742,take_profit,2
2016-03-10 15:00:00,2016-03-10 15:15:00,long,1239.695,1248.181,1236.9923799578835,1248.256,17.193906996397917,145.9074947714345,3.139916032501049,take_profit,1
2016-03-14 16:00:00,2016-03-14 16:45:00,long,1246.645,1243.6050629118454,1243.7300629118454,1255.5565000000001,16.19181947919459,-49.222112559507764,-1.0428825721515436,stop_loss,3
2016-03-15 10:45:00,2016-03-15 12:15:00,short,1235.075,1233.855,1237.298427278424,1229.8345000000002,21.116959847273208,25.76269101367389,0.5487024522181807,time_stop,6
2016-03-21 08:00:00,2016-03-21 08:15:00,long,1246.025,1243.9901554019725,1244.1151554019725,1251.8285,24.651659127398535,-50.16229540780409,-1.0654503513684286,stop_loss,1
2016-03-22 09:30:00,2016-03-22 09:45:00,short,1253.565,1255.5157548555467,1255.3907548555467,1246.637,25.649679308024965,-50.03623645334337,-1.068464832296763,stop_loss,1
2016-04-07 08:00:00,2016-04-07 09:30:00,short,1229.5049999999999,1228.575,1231.2661137264818,1225.772,26.449084268183274,24.597648369406116,0.5280749255516093,time_stop,6
2016-04-08 10:15:00,2016-04-08 11:00:00,long,1232.395,1236.182,1230.6768011977765,1236.257,27.181274680778404,102.93548721610875,2.204052287255347,take_profit,3
2016-04-19 15:15:00,2016-04-19 15:30:00,short,1246.465,1248.6388668799382,1248.5138668799382,1242.8029999999999,23.04567051077714,-50.098219849348254,-1.061009332145467,stop_loss,1
2016-04-19 15:45:00,2016-04-19 16:15:00,short,1250.385,1252.7723597077018,1252.6473597077018,1243.373,20.76019112980324,-49.562043827479776,-1.0552520448337468,stop_loss,2
2016-04-27 10:00:00,2016-04-27 11:30:00,short,1247.395,1246.215,1248.6627301956146,1244.2414999999999,36.85264410260986,43.48612004108198,0.9307974236805111,time_stop,6
2016-05-04 12:45:00,2016-05-04 14:15:00,long,1276.9850000000001,1276.975,1274.6807074144583,1281.1035,20.36921900101762,-0.20369219001462235,-0.004339726674886186,time_stop,6
2016-05-11 14:15:00,2016-05-11 14:30:00,short,1275.915,1277.690931585903,1277.565931585903,1272.7525,28.42978004488342,-50.48934436198274,-1.0757148273540549,stop_loss,1
2016-05-13 07:30:00,2016-05-13 08:45:00,short,1271.885,1273.8242809724175,1273.6992809724175,1267.5485,25.730951183574806,-49.89954403250925,-1.068897817868553,stop_loss,5
2016-05-20 11:45:00,2016-05-20 12:15:00,short,1256.0449999999998,1257.6187275995933,1257.4937275995933,1254.1105,32.05135142550653,-50.44009634258816,-1.0862826110547483,stop_loss,2
2016-06-03 15:30:00,2016-06-03 15:45:00,short,1213.235,1214.5721906507965,1214.4471906507965,1211.8345000000002,38.09753597945779,-50.94366893011914,-1.1031190926261083,stop_loss,1
2016-06-21 14:15:00,2016-06-21 14:30:00,long,1272.505,1270.0655089081636,1270.1905089081636,1281.165,19.843134739219728,-48.40715043043879,-1.0540075528658928,stop_loss,1
2016-06-22 08:45:00,2016-06-22 10:15:00,long,1264.2250000000001,1265.635,1262.4833404247074,1268.479,26.230569672724958,36.98510323853837,0.8095726742482843,time_stop,6
2016-07-07 14:15:00,2016-07-07 15:45:00,long,1361.7050000000002,1361.905,1359.8446372485191,1365.95,24.65629260506318,4.931258521008151,0.10750591509134344,time_stop,6
2016-07-19 11:30:00,2016-07-19 13:00:00,short,1333.135,1332.585,1335.0804649333897,1329.5304999999998,23.590404461681093,12.974722453923528,0.2827087708240725,time_stop,6
2016-08-05 15:30:00,2016-08-05 15:45:00,long,1355.295,1353.5579882473592,1353.6829882473592,1361.6195,28.51044862523982,-49.52298433510646,-1.077542858974332,stop_loss,1
2016-08-18 12:15:00,2016-08-18 13:45:00,long,1346.4750000000001,1349.685,1344.7860076498002,1351.3585,27.064399273250622,86.87672166712933,1.900541467591548,time_stop,6
2016-08-23 10:15:00,2016-08-23 11:45:00,short,1342.355,1339.035,1343.8499226197985,1337.9645,30.868451873337296,102.48326021947786,2.2208507357040066,time_stop,6
2016-08-24 11:45:00,2016-08-24 12:15:00,short,1339.675,1337.2450000000001,1340.8948116215643,1337.17,38.25046623582224,92.94863295304178,1.9921108776481156,take_profit,2
2016-09-28 10:15:00,2016-09-28 11:45:00,long,1323.2350000000001,1324.005,1322.3383820633287,1325.0975,52.55650649195441,40.46850999880394,0.858782730645017,time_stop,6
2016-10-11 09:45:00,2016-10-11 10:45:00,short,1261.2549999999999,1258.74,1262.4981428939227,1258.665,38.06919477303973,95.74402485419009,2.023098078502961,take_profit,4
2016-10-19 12:30:00,2016-10-19 12:45:00,short,1266.625,1267.8655005584874,1267.7405005584874,1262.1965,42.85445553569378,-53.160976025700876,-1.1120573172724357,stop_loss,1
2016-10-28 15:45:00,2016-10-28 16:00:00,long,1263.515,1266.2185,1262.0499927328572,1266.2935,32.44923439616798,87.72650519003524,1.8453833374302815,take_profit,1
2016-10-31 09:15:00,2016-10-31 10:45:00,long,1274.295,1273.895,1273.1845986923736,1276.663,43.20689862308688,-17.282759449238682,-0.3602301233372114,time_stop,6
2016-11-08 14:15:00,2016-11-08 14:30:00,long,1281.2050000000002,1279.8940367370658,1280.0190367370658,1283.9635,40.38116898648406,-52.938229055625136,-1.1053995548654005,stop_loss,1
2016-11-14 09:15:00,2016-11-14 10:00:00,short,1226.0449999999998,1217.8190000000002,1229.384047674839,1217.7440000000001,14.263315898696042,117.33003658266877,2.463576684449725,take_profit,3
2016-11-25 09:15:00,2016-11-25 10:15:00,short,1186.715,1189.3932285193232,1189.2682285193232,1178.3545,18.882971737574145,-50.57291343714662,-1.0489576232812605,stop_loss,4
2016-12-13 15:30:00,2016-12-13 16:45:00,short,1162.195,1158.8885,1163.805257412059,1158.8135,29.783857564384913,98.48032503663617,2.0533984040301396,take_profit,5
2017-01-03 09:30:00,2017-01-03 10:15:00,long,1152.695,1150.9953760195565,1151.1203760195565,1156.931,30.77057102502792,-52.298400406075785,-1.0793840317132712,stop_loss,3
2017-01-12 15:30:00,2017-01-12 16:30:00,long,1201.4650000000001,1204.2575,1199.3168578281561,1204.3325,22.433611544690585,62.64586023854377,1.299960513136161,take_profit,4
2017-02-01 15:30:00,2017-02-01 16:00:00,long,1206.175,1204.5723795847098,1204.6973795847098,1210.5679999999998,32.825626815385085,-52.60701967903277,-1.084595474390121,stop_loss,2
2017-02-13 15:30:00,2017-02-13 15:45:00,long,1226.265,1224.7815062452837,1224.9065062452837,1229.6550000000002,35.51049172013715,-52.67959269373161,-1.0920136729123908,stop_loss,1
2017-02-15 15:45:00,2017-02-15 16:45:00,long,1218.155,1225.4299999999998,1216.4157676132693,1225.5049999999999,27.585378257261482,200.6836268215735,4.182879789672609,take_profit,4
2017-02-27 10:15:00,2017-02-27 11:45:00,long,1254.535,1255.015,1253.3959138106281,1256.5365,43.00008362524386,20.640040140117836,0.421390413191365,time_stop,6
2017-03-09 14:45:00,2017-03-09 15:00:00,short,1207.435,1208.9514600028776,1208.8264600028776,1204.8854999999999,35.2751796663527,-53.49339905834835,-1.0898336996690428,stop_loss,1
2017-03-10 15:45:00,2017-03-10 16:00:00,short,1201.175,1202.880652054376,1202.755652054376,1197.3635,30.883795373949116,-52.67700902650616,-1.0790812877849592,stop_loss,1
2017-03-16 14:30:00,2017-03-16 16:00:00,short,1231.675,1227.365,1233.5657783483732,1225.5295,25.67892191139322,110.67615343810338,2.279484532762962,time_stop,6
2017-03-20 10:15:00,2017-03-20 11:45:00,long,1232.865,1232.425,1231.9433587271776,1234.1425,53.281609423196265,-23.443908146209264,-0.4774091753211264,time_stop,6
2017-03-30 15:45:00,2017-03-30 16:00:00,long,1246.9750000000001,1245.6219580663662,1245.7469580663662,1250.1154999999999,39.89221332298076,-53.97583745146206,-1.101788055095246,stop_loss,1
2017-03-31 15:45:00,2017-03-31 16:00:00,long,1240.525,1242.192,1239.4792598707625,1242.267,46.58846900553568,77.66297783222407,1.59408628720713,take_profit,1
2017-04-06 14:00:00,2017-04-06 15:30:00,long,1251.315,1252.945,1250.1873401342552,1253.5945,43.54836771241981,70.98383937123914,1.4454713247449569,time_stop,6
2017-04-10 14:30:00,2017-04-10 15:15:00,long,1249.815,1248.6040124780268,1248.7290124780268,1253.0929999999998,45.54625599654644,-55.155947684417775,-1.1151026116514413,stop_loss,3
2017-04-17 09:00:00,2017-04-17 09:15:00,long,1288.2250000000001,1286.8116901268688,1286.9366901268688,1291.2625,38.179390666995225,-53.959309779801785,-1.0970263463837162,stop_loss,1
2017-04-24 09:00:00,2017-04-24 09:15:00,long,1272.2250000000001,1270.4406999354624,1270.5656999354624,1275.0349999999999,29.480556556932964,-52.60215896714499,-1.0753329688050248,stop_loss,1
2017-04-24 15:15:00,2017-04-24 16:45:00,long,1267.605,1271.0315,1266.2428399479552,1271.1065,35.71832732112119,122.38884856582291,2.5154900078418008,take_profit,6
2017-05-05 07:15:00,2017-05-05 07:30:00,short,1231.205,1232.6486026147584,1232.5236026147584,1228.3255000000001,37.36229724870274,-53.936310001609606,-1.0947973245319997,stop_loss,1
2017-05-05 07:45:00,2017-05-05 09:15:00,short,1234.355,1232.785,1235.8773053157865,1228.8020000000001,32.185620576512875,50.53142430512317,1.0313305640588721,time_stop,6
2017-05-05 12:45:00,2017-05-05 14:00:00,short,1235.175,1233.0240000000001,1236.6726869658535,1232.949,32.8833725203536,70.73213429127534,1.4362146757243128,take_profit,5
2017-05-08 13:15:00,2017-05-08 14:45:00,short,1234.885,1232.485,1236.3628261825777,1230.7740000000001,33.56460974454802,80.5550633869183,1.624006955820668,time_stop,6
2017-05-12 15:45:00,2017-05-12 17:15:00,short,1230.675,1229.845,1231.9375527991704,1228.7085,39.606608482661194,32.87348504060591,0.6573982494397856,time_stop,6
2017-05-15 15:15:00,2017-05-15 16:00:00,short,1235.585,1237.0317679396878,1236.9067679396878,1231.3625,37.95658853889572,-54.914375397995286,-1.0945703071217825,stop_loss,3
2017-05-24 09:00:00,2017-05-24 10:30:00,long,1249.035,1249.755,1247.8412019597422,1251.617,41.79536929283683,30.09266589084366,0.6031170899262744,time_stop,6
2017-06-01 15:30:00,2017-06-01 17:00:00,long,1262.4650000000001,1265.085,1261.0071372351606,1266.2640000000001,34.328123668489205,89.93968401143798,1.797151325343198,time_stop,6
2017-06-07 13:45:00,2017-06-07 15:15:00,long,1288.7350000000001,1291.045,1287.4960787710072,1292.3075,40.75754819715277,94.14993633542068,1.8645253192389544,time_stop,6
2017-06-09 16:00:00,2017-06-09 16:15:00,long,1267.525,1265.6505135104585,1265.7755135104585,1273.3295,29.13205771493904,-54.607648599199244,-1.0714495371911976,stop_loss,1
2017-06-23 11:15:00,2017-06-23 12:45:00,short,1257.435,1256.485,1258.5283299638706,1252.9940000000001,46.365786008798075,44.04749670836028,0.8689051168384458,time_stop,6
2017-06-27 09:30:00,2017-06-27 11:00:00,short,1251.445,1252.8359673057648,1252.7109673057648,1245.0965,40.21694746264887,-55.94045905820877,-1.09873872684609,stop_loss,6
2017-07-10 14:30:00,2017-07-10 14:45:00,short,1211.335,1212.772173771042,1212.647173771042,1207.5205,38.58760131280651,-55.457088494187445,-1.0952617730658851,stop_loss,1
2017-07-18 10:15:00,2017-07-18 11:45:00,long,1235.345,1235.745,1234.3290985187605,1237.3775,49.56814594479512,19.827258377911285,0.3937389671996574,time_stop,6
2017-07-24 09:15:00,2017-07-24 09:45:00,long,1252.915,1251.8658860189412,1251.9908860189412,1254.1164999999999,54.598772677042604,-57.280335764135565,-1.1352646995523044,stop_loss,2
2017-08-03 10:30:00,2017-08-03 11:45:00,long,1260.375,1262.1795,1259.2369775631641,1262.2545,44.08444497823275,79.55038096321933,1.5856453630362293,take_profit,5
2017-08-07 12:45:00,2017-08-07 13:45:00,long,1256.665,1255.7166380233239,1255.8416380233239,1257.7585000000001,61.41507725391745,-58.24372406224034,-1.1518165807274992,stop_loss,4
2017-08-08 11:15:00,2017-08-08 12:45:00,short,1260.945,1260.805,1261.726970938867,1260.0729999999999,64.29346448351392,9.00108502768376,0.17903478638567827,time_stop,6
2017-08-08 13:30:00,2017-08-08 13:45:00,short,1262.5049999999999,1263.451529859751,1263.326529859751,1260.4775,61.25233990347563,-57.977168698262325,-1.1521551511686676,stop_loss,1
2017-08-15 15:45:00,2017-08-15 17:15:00,long,1268.335,1270.775,1266.7495957871276,1273.8285,31.557088066640294,76.99929488260403,1.5390396847623682,time_stop,6
2017-08-22 09:45:00,2017-08-22 10:00:00,long,1285.845,1284.6370925198612,1284.7620925198612,1288.3355,46.555904143155686,-56.23522485914404,-1.115429990366282,stop_loss,1
2017-09-05 11:00:00,2017-09-05 11:15:00,long,1331.755,1330.2157381066943,1330.3407381066943,1335.54,35.44927637112878,-54.565720263344964,-1.088385327068252,stop_loss,1
2017-09-12 14:00:00,2017-09-12 15:00:00,long,1323.7150000000001,1326.097,1322.3645778546802,1326.172,36.92307052904815,87.95075400018658,1.7638928747243485,take_profit,4
2017-09-14 10:45:00,2017-09-14 12:15:00,short,1323.815,1322.885,1324.9632009889976,1321.7215,43.8089553724847,40.742328496413556,0.8099627233486193,time_stop,6
2017-09-29 09:45:00,2017-09-29 10:30:00,short,1286.895,1288.1839229413022,1288.0589229413022,1284.863,43.3922175909818,-55.92922472699287,-1.1073954259034975,stop_loss,3
2017-10-17 09:30:00,2017-10-17 11:00:00,long,1289.535,1289.805,1288.497063059279,1292.5324999999998,48.38979078015628,13.065243510641317,0.2601314101147843,time_stop,6
2017-10-19 10:00:00,2017-10-19 10:15:00,short,1281.095,1282.5753267480773,1282.4503267480773,1278.1275,37.10609098018968,-54.929138994562095,-1.0922286822549132,stop_loss,1
2017-10-30 15:30:00,2017-10-30 17:00:00,short,1273.0249999999999,1272.285,1274.439607483308,1271.1200000000001,35.35696828783881,26.164156532993,0.5231133079186366,time_stop,6
2017-11-01 08:00:00,2017-11-01 08:15:00,short,1272.105,1273.1182817012416,1272.9932817012416,1269.6280000000002,56.4539972394333,-57.20380236465971,-1.1407211246446767,stop_loss,1
2017-11-07 10:45:00,2017-11-07 12:15:00,long,1275.795,1275.975,1274.6974029933806,1278.681,45.427450509796515,8.176941091755936,0.16399461634304496,time_stop,6
2017-11-21 13:30:00,2017-11-21 14:45:00,long,1278.175,1277.0386373217698,1277.1636373217698,1280.0994999999998,49.3412694353045,-56.069577082779084,-1.1235956227085055,stop_loss,5
2017-11-29 15:15:00,2017-11-29 15:30:00,long,1290.9650000000001,1289.6317783520292,1289.7567783520292,1294.453,41.069923388051116,-54.755310941458525,-1.103457838394073,stop_loss,1
2017-11-30 08:15:00,2017-11-30 09:45:00,long,1282.535,1282.255,1281.6632201802925,1284.083,56.605799822018,-15.849623950163496,-0.32118201599789026,time_stop,6
2017-12-13 15:45:00,2017-12-13 17:15:00,short,1245.465,1244.575,1246.8184149404112,1241.4850000000001,36.40313430301055,32.39878952967476,0.6575958144287926,time_stop,6
2017-12-15 15:15:00,2017-12-15 15:30:00,short,1259.685,1260.8326470212555,1260.7076470212555,1257.3804999999998,48.33587617597796,-55.47252431313964,-1.12223181352108,stop_loss,1
2017-12-28 15:15:00,2017-12-28 15:30:00,long,1289.4950000000001,1292.0055,1288.468681222884,1292.0805,47.892699876050514,120.23462303881837,2.446121084381041,take_profit,1
2018-01-08 07:45:00,2018-01-08 09:15:00,long,1317.685,1318.365,1316.7039115178916,1320.219,50.713417996558825,34.48512423766323,0.6931077190293191,time_stop,6
2018-01-09 10:45:00,2018-01-09 12:15:00,long,1314.4850000000001,1314.055,1313.2827854386035,1318.197,41.52900614342689,-17.857472641676207,-0.35767325884034895,time_stop,6
2018-01-09 15:45:00,2018-01-09 16:15:00,long,1311.665,1310.1507717399656,1310.2757717399656,1314.5945,35.87422598322301,-54.3217667906536,-1.0899780141219646,stop_loss,2
2018-01-16 09:15:00,2018-01-16 10:45:00,long,1338.895,1337.582952029574,1337.707952029574,1340.6525,41.7555827091057,-54.78532754743566,-1.1053032422566247,stop_loss,6
2018-01-26 14:00:00,2018-01-26 15:30:00,long,1350.405,1352.555,1348.6966987366143,1354.5385,28.854367860952262,62.036890901049986,1.2585602118791348,time_stop,6
2018-01-29 14:15:00,2018-01-29 14:30:00,long,1343.7150000000001,1341.9610658656695,1342.0860658656695,1346.7735,30.450671073909675,-53.40847140980423,-1.0767372954900758,stop_loss,1
2018-02-02 15:45:00,2018-02-02 16:00:00,long,1340.605,1338.642871007037,1338.767871007037,1345.433,26.854453529115727,-52.691901859655964,-1.0680409489365215,stop_loss,1
2018-02-22 16:00:00,2018-02-22 17:00:00,short,1326.905,1328.6123938261962,1328.4873938261962,1323.5125,31.011013090954634,-52.948012295587546,-1.0789942414654594,stop_loss,4
2018-03-02 13:15:00,2018-03-02 14:45:00,short,1322.885,1321.485,1324.5766560406748,1317.5095,28.851548083184813,40.39216731646136,0.8275914053081361,time_stop,6
2018-03-07 14:15:00,2018-03-07 15:30:00,long,1329.7250000000001,1332.33,1328.430853942337,1332.405,37.86964859501394,98.6504345900034,2.012910354727541,take_profit,5
2018-03-08 11:15:00,2018-03-08 11:30:00,long,1325.275,1327.386,1324.1825494588752,1327.461,45.312905933755644,95.65554442615256,1.9323529263175536,take_profit,1
2018-03-29 09:15:00,2018-03-29 09:30:00,long,1325.595,1324.3076155581111,1324.4326155581111,1327.449,42.99815493760791,-55.35515569660435,-1.107537571474093,stop_loss,1
2018-03-29 09:45:00,2018-03-29 11:15:00,long,1323.7450000000001,1324.365,1322.434107292453,1327.1635,37.91584945493048,23.50782666205276,0.47296014115452384,time_stop,6
2018-04-17 15:45:00,2018-04-17 16:30:00,long,1339.335,1342.325,1337.605940366264,1342.4,28.814014688768914,86.15390391941932,1.7292636654406386,take_profit,3
2018-04-19 12:30:00,2018-04-19 13:00:00,long,1348.525,1346.4962802606344,1346.6212802606344,1352.114,26.396700188953194,-53.55150672744685,-1.0656609255108374,stop_loss,2
2018-05-04 15:45:00,2018-05-04 16:00:00,short,1313.925,1310.2530000000002,1315.3718679842154,1310.178,34.54645635641223,126.85458774073872,2.537895675389355,take_profit,1
2018-05-16 10:30:00,2018-05-16 11:30:00,short,1296.365,1294.2405,1297.4917308283561,1294.1655,44.92504627990438,95.44326082165227,1.8855435091799924,take_profit,4
2018-05-22 11:15:00,2018-05-22 12:45:00,short,1294.115,1295.065,1295.5467420820582,1290.3745000000001,35.68774820081325,-33.903360790774215,-0.6635273293317955,time_stop,6
2018-05-28 09:15:00,2018-05-28 10:45:00,long,1295.7350000000001,1297.285,1294.6368136654385,1298.08,46.37294465094182,71.87806420895771,1.411418036465219,time_stop,6
2018-06-01 14:30:00,2018-06-01 14:45:00,long,1295.9750000000001,1294.5891879963608,1294.7141879963608,1298.863,40.67658325115704,-56.37009733648796,-1.0991424571142945,stop_loss,1
2018-06-07 15:30:00,2018-06-07 16:15:00,short,1302.425,1298.796,1303.711742352811,1298.721,39.63782946289946,143.84568312085838,2.8203004215040797,take_profit,3
2018-06-15 09:15:00,2018-06-15 10:00:00,long,1299.125,1297.9118154682367,1298.0368154682367,1301.482,47.531370690596255,-57.66432369533971,-1.1148702231573235,stop_loss,3
2018-06-15 15:30:00,2018-06-15 15:45:00,long,1294.555,1292.8513445163628,1292.9763445163628,1299.24,32.58125745208976,-55.5072379220497,-1.0791813041513008,stop_loss,1
2018-07-20 16:00:00,2018-07-20 17:30:00,short,1229.895,1228.525,1231.6988744434605,1224.5,28.359537292845527,38.85256609119528,0.7594763620974329,time_stop,6
2018-07-30 11:00:00,2018-07-30 12:30:00,short,1221.985,1222.455,1223.1188350821424,1220.3845,45.28992636596847,-21.286265392006417,-0.4145223652031707,time_stop,6
2018-08-01 11:30:00,2018-08-01 13:00:00,short,1223.2749999999999,1222.665,1224.375879313286,1221.3385,46.54904078581882,28.39491487934482,0.5541025184486396,time_stop,6
2018-09-11 09:30:00,2018-09-11 11:00:00,short,1196.2849999999999,1196.335,1197.1627347520243,1194.124,58.54485140334025,-2.927242570177662,-0.05696481754295105,time_stop,6
2018-09-20 10:00:00,2018-09-20 11:30:00,long,1202.875,1201.6700255761803,1201.7950255761803,1205.4,47.567991688425565,-57.318213377023206,-1.1157434817371774,stop_loss,6
2018-10-01 15:45:00,2018-10-01 17:00:00,short,1191.345,1186.6875,1192.8946307002989,1186.6125,32.966321162347235,153.54064081363313,3.005554806769007,take_profit,5
2018-10-08 11:00:00,2018-10-08 12:30:00,long,1193.945,1193.915,1192.8720275185467,1196.304,48.32680003397933,-1.4498040010180613,-0.02795971054107622,time_stop,6
2018-10-08 15:15:00,2018-10-08 15:30:00,long,1189.895,1188.480082657615,1188.605082657615,1194.0165,40.19333319240898,-56.870244182199094,-1.096905434086868,stop_loss,1
2018-10-08 15:45:00,2018-10-08 17:15:00,long,1185.2250000000001,1186.365,1183.581285556821,1193.092,31.36902916817618,35.76069325171685,0.6935511242421277,time_stop,6
2018-10-11 10:15:00,2018-10-11 10:30:00,short,1196.115,1197.5982547888545,1197.4732547888545,1193.3535,38.093390285139435,-56.50220356413799,-1.09202986142638,stop_loss,1
2018-10-18 09:15:00,2018-10-18 09:30:00,long,1220.2450000000001,1219.0598620992837,1219.1848620992837,1222.8285,48.53898603747705,-57.52539201535951,-1.117909188904129,stop_loss,1
2018-10-19 10:15:00,2018-10-19 11:45:00,long,1223.655,1226.315,1222.3007212527639,1227.467,37.78423895747471,100.50607562688583,1.964145125535488,time_stop,6
2018-10-24 15:00:00,2018-10-24 15:15:00,long,1227.825,1226.3681877661402,1226.4931877661402,1230.6354999999999,38.79895443592211,-56.522791483222775,-1.0938570744599068,stop_loss,1
2018-10-25 10:30:00,2018-10-25 10:45:00,long,1232.775,1231.1392255439334,1231.2642255439334,1236.657,34.01587047951057,-55.642292031255224,-1.0827390213661945,stop_loss,1
2018-11-01 14:15:00,2018-11-01 14:30:00,short,1228.115,1229.8633416964399,1229.7383416964399,1224.3965,31.485729020115453,-55.047812888674564,-1.077001656690108,stop_loss,1
2018-11-05 15:00:00,2018-11-05 15:15:00,long,1228.765,1227.415137097028,1227.540137097028,1231.864,41.50412064351356,-56.02487277715595,-1.1020522375987503,stop_loss,1
2018-11-16 10:15:00,2018-11-16 11:45:00,short,1217.415,1216.135,1218.5316615331749,1215.139,45.27489470250382,57.951865219203654,1.146273926317355,time_stop,6
2018-11-16 15:45:00,2018-11-16 16:00:00,short,1221.725,1223.44478707544,1223.31978707544,1216.442,31.88293499613164,-54.83185953344345,-1.0783803693452345,stop_loss,1
2018-11-23 09:00:00,2018-11-23 09:15:00,long,1226.085,1225.2384475846382,1225.3634475846382,1227.646,70.08823237864976,-59.33336240859099,-1.1732375879267316,stop_loss,1
2018-11-27 08:45:00,2018-11-27 09:30:00,long,1220.325,1221.7135,1219.5286014574951,1221.7885,63.128777698519315,87.65430783439545,1.7434738085190222,take_profit,3
2018-11-30 12:15:00,2018-11-30 12:30:00,long,1221.635,1220.6174434111122,1220.7424434111122,1223.9379999999999,56.8187370075672,-57.81628021433469,-1.140047142731596,stop_loss,1
2018-12-06 08:45:00,2018-12-06 09:00:00,long,1236.945,1235.859216669629,1235.984216669629,1239.364,52.48306781909569,-56.985240164704074,-1.1301021739747854,stop_loss,1
2018-12-10 15:30:00,2018-12-10 17:00:00,long,1244.255,1246.4575,1243.068418320568,1246.5325,42.255776703457336,93.0683481893594,1.8561722620343402,take_profit,6
2018-12-13 13:00:00,2018-12-13 14:30:00,long,1241.595,1242.895,1240.6421051494067,1245.1965,53.106879731724895,69.03894365123995,1.3642638526071205,time_stop,6
2018-12-14 15:45:00,2018-12-14 16:15:00,long,1234.835,1233.5583439693237,1233.6833439693237,1238.2895,44.24104558005413,-56.48059764320336,-1.108539352610857,stop_loss,2
2018-12-19 12:00:00,2018-12-19 13:30:00,long,1248.125,1248.255,1247.183640222208,1250.2035,53.82433491722107,6.997163539244614,0.1380981034743397,time_stop,6
